% V [V], I [mA], x (filament holati)
0,0,0.001
0.152,0.00163582,0.00100011
0.304,0.0018657,0.00100051
0.456,0.00191043,0.00100137
0.608,0.00197052,0.00100409
0.76,0.00204757,0.00100895
0.912,0.00214041,0.00101572
1.064,0.00228758,0.00108011
1.216,0.0025037,0.00122263
1.368,0.00276929,0.00141593
1.52,0.00308466,0.00166
1.672,0.0034497,0.00195485
1.824,0.00386464,0.00230047
1.976,0.00438117,0.00279094
2.128,0.00520675,0.00379401
2.28,0.00616174,0.00499039
2.432,0.00749408,0.00753853
2.584,0.00920183,0.0117173
2.736,0.0115066,0.0195658
2.888,0.0147494,0.0328113
3.04,0.0196131,0.0563535
3.192,0.0274533,0.0987271
3.344,0.0420338,0.174877
3.496,0.0740696,0.31092
3.648,0.158914,0.540664
3.8,0.364678,0.836323
3.648,0.463288,0.956213
3.496,0.476063,0.985018
3.344,0.465663,0.992868
3.192,0.446586,0.994699
3.04,0.425536,0.995216
2.888,0.404085,0.995484
2.736,0.382488,0.995522
2.584,0.36089,0.99556
2.432,0.339293,0.995598
2.28,0.317791,0.995609
2.128,0.296322,0.995609
1.976,0.274854,0.99561
1.824,0.253385,0.99561
1.672,0.231916,0.995611
1.52,0.210448,0.995611
1.368,0.188979,0.995612
1.216,0.167844,0.995612
1.064,0.14671,0.995612
0.912,0.125577,0.995612
0.76,0.104444,0.995612
0.608,0.0833105,0.995612
0.456,0.0621773,0.995612
0.304,0.041044,0.995612
0.152,0.0199107,0.995612
2.96261e-16,-0.00122251,0.995612
-0.152,-0.0223558,0.995612
-0.304,-0.0436845,0.995612
-0.456,-0.0650145,0.995612
-0.608,-0.0863445,0.995612
-0.76,-0.107674,0.995612
-0.912,-0.129005,0.995612
-1.064,-0.150335,0.995612
-1.216,-0.171665,0.995612
-1.368,-0.192995,0.995612
-1.52,-0.214325,0.995611
-1.672,-0.235655,0.995611
-1.824,-0.257088,0.995605
-1.976,-0.278521,0.995599
-2.128,-0.299955,0.995593
-2.28,-0.321388,0.995587
-2.432,-0.342819,0.995573
-2.584,-0.364187,0.995379
-2.736,-0.385556,0.995185
-2.888,-0.406157,0.994435
-3.04,-0.424631,0.992161
-3.192,-0.436015,0.984726
-3.344,-0.420338,0.95636
-3.496,-0.317418,0.841041
-3.648,-0.125158,0.452957
-3.8,-0.0494154,0.00526437
-3.648,-0.0358225,-5.04075e-05
-3.496,-0.0282154,-3.03486e-05
-3.344,-0.0221321,-2.83031e-05
-3.192,-0.0174892,-2.74122e-05
-3.04,-0.0139358,-2.73941e-05
-2.888,-0.010382,-2.73759e-05
-2.736,-0.00758956,-2.73637e-05
-2.584,-0.00636808,-2.73637e-05
-2.432,-0.00514734,-2.73637e-05
-2.28,-0.00392611,-2.73637e-05
-2.128,-0.00270439,-2.73637e-05
-1.976,-0.0014833,-2.73637e-05
-1.824,-0.000261987,-2.73636e-05
-1.672,-0.000103089,-2.73636e-05
-1.52,-0.000144911,-2.73636e-05
-1.368,-0.000187301,-2.73636e-05
-1.216,-0.000229601,-2.73636e-05
-1.064,-0.00027171,-2.73636e-05
-0.912,-0.000314026,-2.73636e-05
-0.76,-0.000356196,-2.73636e-05
-0.608,-0.000398437,-2.73636e-05
-0.456,-0.000440626,-2.73636e-05
-0.304,-0.000482874,-2.73636e-05
-0.152,-0.000255042,-9.04514e-06
-5.92522e-16,2.39867e-05,1.27473e-05
