VD,VG,ID
0.200000,80.000000,6.851283e-06
0.200000,76.000000,6.725071e-06
0.200000,72.000000,6.596587e-06
0.200000,68.000000,6.465997e-06
0.200000,64.000000,6.333531e-06
0.200000,60.000000,6.199491e-06
0.200000,56.000000,6.064253e-06
0.200000,52.000000,5.928278e-06
0.200000,48.000000,5.792104e-06
0.200000,44.000000,5.656342e-06
0.200000,40.000000,5.521656e-06
0.200000,36.000000,5.388742e-06
0.200000,32.000000,5.258297e-06
0.200000,28.000000,5.130988e-06
0.200000,24.000000,5.007419e-06
0.200000,20.000000,4.888105e-06
0.200000,16.000000,4.773452e-06
0.200000,12.000000,4.663740e-06
0.200000,8.000000,4.559123e-06
0.200000,4.000000,4.459631e-06
0.200000,0.000000,4.365178e-06
0.200000,-4.000000,4.275582e-06
0.200000,-8.000000,4.190587e-06
0.200000,-12.000000,4.109883e-06
0.200000,-16.000000,4.033129e-06
0.200000,-20.000000,3.959981e-06
0.200000,-24.000000,3.890102e-06
0.200000,-28.000000,3.823177e-06
0.200000,-32.000000,3.758922e-06
0.200000,-36.000000,3.697083e-06
0.200000,-40.000000,3.637437e-06
0.200000,-44.000000,3.579790e-06
0.200000,-48.000000,3.523975e-06
0.200000,-52.000000,3.469841e-06
0.200000,-56.000000,3.417260e-06
0.200000,-60.000000,3.366114e-06
0.200000,-64.000000,3.316299e-06
0.200000,-68.000000,3.267721e-06
0.200000,-72.000000,3.220293e-06
0.200000,-76.000000,3.173938e-06
0.200000,-80.000000,3.128585e-06
0.400000,80.000000,1.389527e-05
0.400000,76.000000,1.356578e-05
0.400000,72.000000,1.323977e-05
0.400000,68.000000,1.291813e-05
0.400000,64.000000,1.260173e-05
0.400000,60.000000,1.229135e-05
0.400000,56.000000,1.198770e-05
0.400000,52.000000,1.169144e-05
0.400000,48.000000,1.140313e-05
0.400000,44.000000,1.112329e-05
0.400000,40.000000,1.085236e-05
0.400000,36.000000,1.059074e-05
0.400000,32.000000,1.033874e-05
0.400000,28.000000,1.009662e-05
0.400000,24.000000,9.864535e-06
0.400000,20.000000,9.642567e-06
0.400000,16.000000,9.430687e-06
0.400000,12.000000,9.228755e-06
0.400000,8.000000,9.036520e-06
0.400000,4.000000,8.853620e-06
0.400000,0.000000,8.679602e-06
0.400000,-4.000000,8.513937e-06
0.400000,-8.000000,8.356041e-06
0.400000,-12.000000,8.205307e-06
0.400000,-16.000000,8.061122e-06
0.400000,-20.000000,7.922891e-06
0.400000,-24.000000,7.790051e-06
0.400000,-28.000000,7.662085e-06
0.400000,-32.000000,7.538522e-06
0.400000,-36.000000,7.418944e-06
0.400000,-40.000000,7.302981e-06
0.400000,-44.000000,7.190311e-06
0.400000,-48.000000,7.080648e-06
0.400000,-52.000000,6.973746e-06
0.400000,-56.000000,6.869386e-06
0.400000,-60.000000,6.767375e-06
0.400000,-64.000000,6.667545e-06
0.400000,-68.000000,6.569746e-06
0.400000,-72.000000,6.473843e-06
0.400000,-76.000000,6.379717e-06
0.400000,-80.000000,6.287261e-06
0.600000,80.000000,1.919292e-05
0.600000,76.000000,1.874944e-05
0.600000,72.000000,1.831536e-05
0.600000,68.000000,1.789101e-05
0.600000,64.000000,1.747673e-05
0.600000,60.000000,1.707282e-05
0.600000,56.000000,1.667960e-05
0.600000,52.000000,1.629736e-05
0.600000,48.000000,1.592639e-05
0.600000,44.000000,1.556695e-05
0.600000,40.000000,1.521929e-05
0.600000,36.000000,1.488361e-05
0.600000,32.000000,1.456005e-05
0.600000,28.000000,1.424869e-05
0.600000,24.000000,1.394952e-05
0.600000,20.000000,1.366243e-05
0.600000,16.000000,1.338722e-05
0.600000,12.000000,1.312358e-05
0.600000,8.000000,1.287111e-05
0.600000,4.000000,1.262931e-05
0.600000,0.000000,1.239763e-05
0.600000,-4.000000,1.217544e-05
0.600000,-8.000000,1.196207e-05
0.600000,-12.000000,1.175687e-05
0.600000,-16.000000,1.155916e-05
0.600000,-20.000000,1.136829e-05
0.600000,-24.000000,1.118365e-05
0.600000,-28.000000,1.100468e-05
0.600000,-32.000000,1.083087e-05
0.600000,-36.000000,1.066176e-05
0.600000,-40.000000,1.049694e-05
0.600000,-44.000000,1.033604e-05
0.600000,-48.000000,1.017876e-05
0.600000,-52.000000,1.002483e-05
0.600000,-56.000000,9.873984e-06
0.600000,-60.000000,9.726028e-06
0.600000,-64.000000,9.580767e-06
0.600000,-68.000000,9.438037e-06
0.600000,-72.000000,9.297689e-06
0.600000,-76.000000,9.159590e-06
0.600000,-80.000000,9.023624e-06
0.800000,80.000000,2.340125e-05
0.800000,76.000000,2.289043e-05
0.800000,72.000000,2.239030e-05
0.800000,68.000000,2.190118e-05
0.800000,64.000000,2.142336e-05
0.800000,60.000000,2.095714e-05
0.800000,56.000000,2.050285e-05
0.800000,52.000000,2.006076e-05
0.800000,48.000000,1.963116e-05
0.800000,44.000000,1.921427e-05
0.800000,40.000000,1.881028e-05
0.800000,36.000000,1.841934e-05
0.800000,32.000000,1.804152e-05
0.800000,28.000000,1.767682e-05
0.800000,24.000000,1.732517e-05
0.800000,20.000000,1.698639e-05
0.800000,16.000000,1.666023e-05
0.800000,12.000000,1.634633e-05
0.800000,8.000000,1.604426e-05
0.800000,4.000000,1.575350e-05
0.800000,0.000000,1.547347e-05
0.800000,-4.000000,1.520352e-05
0.800000,-8.000000,1.494298e-05
0.800000,-12.000000,1.469117e-05
0.800000,-16.000000,1.444739e-05
0.800000,-20.000000,1.421099e-05
0.800000,-24.000000,1.398132e-05
0.800000,-28.000000,1.375781e-05
0.800000,-32.000000,1.353992e-05
0.800000,-36.000000,1.332717e-05
0.800000,-40.000000,1.311915e-05
0.800000,-44.000000,1.291548e-05
0.800000,-48.000000,1.271583e-05
0.800000,-52.000000,1.251992e-05
0.800000,-56.000000,1.232750e-05
0.800000,-60.000000,1.213834e-05
0.800000,-64.000000,1.195225e-05
0.800000,-68.000000,1.176906e-05
0.800000,-72.000000,1.158861e-05
0.800000,-76.000000,1.141076e-05
0.800000,-80.000000,1.123540e-05
1.00000,80.000000,2.680906e-05
1.00000,76.000000,2.624486e-05
1.00000,72.000000,2.569214e-05
1.00000,68.000000,2.515123e-05
1.00000,64.000000,2.462243e-05
1.00000,60.000000,2.410603e-05
1.00000,56.000000,2.360232e-05
1.00000,52.000000,2.311156e-05
1.00000,48.000000,2.263396e-05
1.00000,44.000000,2.216973e-05
1.00000,40.000000,2.171902e-05
1.00000,36.000000,2.128192e-05
1.00000,32.000000,2.085846e-05
1.00000,28.000000,2.044863e-05
1.00000,24.000000,2.005230e-05
1.00000,20.000000,1.966929e-05
1.00000,16.000000,1.929930e-05
1.00000,12.000000,1.894198e-05
1.00000,8.000000,1.859687e-05
1.00000,4.000000,1.826346e-05
1.00000,0.000000,1.794116e-05
1.00000,-4.000000,1.762931e-05
1.00000,-8.000000,1.732726e-05
1.00000,-12.000000,1.703430e-05
1.00000,-16.000000,1.674975e-05
1.00000,-20.000000,1.647292e-05
1.00000,-24.000000,1.620319e-05
1.00000,-28.000000,1.593995e-05
1.00000,-32.000000,1.568268e-05
1.00000,-36.000000,1.543088e-05
1.00000,-40.000000,1.518413e-05
1.00000,-44.000000,1.494204e-05
1.00000,-48.000000,1.470429e-05
1.00000,-52.000000,1.447059e-05
1.00000,-56.000000,1.424067e-05
1.00000,-60.000000,1.401432e-05
1.00000,-64.000000,1.379133e-05
1.00000,-68.000000,1.357153e-05
1.00000,-72.000000,1.335475e-05
1.00000,-76.000000,1.314085e-05
1.00000,-80.000000,1.292969e-05
