p_GPa,xs,beta,d_gap_nm,R_ohm
0.000,0,beta_mem(xotira),1.500000e+00,9.999276e+04
0.000,1,beta_mem(xotira),1.500000e+00,6.988846e+03
0.2500,0,beta_mem(xotira),1.468750e+00,9.999276e+04
0.2500,1,beta_mem(xotira),1.468750e+00,3.862575e+03
0.5000,0,beta_mem(xotira),1.437500e+00,9.999276e+04
0.5000,1,beta_mem(xotira),1.437500e+00,2.105099e+03
1.000,0,beta_mem(xotira),1.375000e+00,9.999276e+04
1.000,1,beta_mem(xotira),1.375000e+00,6.140877e+02
1.500,0,beta_mem(xotira),1.312500e+00,9.999276e+04
1.500,1,beta_mem(xotira),1.312500e+00,1.788425e+02
2.000,0,beta_mem(xotira),1.250000e+00,9.999276e+04
2.000,1,beta_mem(xotira),1.250000e+00,5.346617e+01
0.000,0,0(volatil),1.500000e+00,9.999276e+04
0.000,1,0(volatil),1.500000e+00,6.988846e+03
0.2500,0,0(volatil),1.468750e+00,9.999276e+04
0.2500,1,0(volatil),1.468750e+00,6.988846e+03
0.5000,0,0(volatil),1.437500e+00,9.999276e+04
0.5000,1,0(volatil),1.437500e+00,6.988846e+03
1.000,0,0(volatil),1.375000e+00,9.999276e+04
1.000,1,0(volatil),1.375000e+00,6.988846e+03
1.500,0,0(volatil),1.312500e+00,9.999276e+04
1.500,1,0(volatil),1.312500e+00,6.988846e+03
2.000,0,0(volatil),1.250000e+00,9.999276e+04
2.000,1,0(volatil),1.250000e+00,6.988846e+03
