step,state,sig_off_S_per_m,sig_on0_S_per_m,R_ohm,target_ohm
0,OFF,1.000000e+00,1.000000e+03,7.549926e-02,1.000000e+05
1,OFF,1.000000e-01,1.000000e+03,7.505002e-01,1.000000e+05
2,OFF,1.000000e-02,1.000000e+03,7.500579e+00,1.000000e+05
3,OFF,1.000000e-03,1.000000e+03,7.500973e+01,1.000000e+05
4,OFF,1.000000e-04,1.000000e+03,7.509249e+02,1.000000e+05
5,OFF,1.000000e-05,1.000000e+03,7.593206e+03,1.000000e+05
6,OFF,1.000000e-06,1.000000e+03,8.553596e+04,1.000000e+05
7,OFF,8.553596e-07,1.000000e+03,1.024120e+05,1.000000e+05
8,OFF,8.759905e-07,1.000000e+03,9.964368e+04,1.000000e+05
0,ON,8.759905e-07,1.000000e+03,5.742500e-04,7.000000e+03
1,ON,8.759905e-07,1.000000e+02,1.249228e-03,7.000000e+03
2,ON,8.759905e-07,1.000000e+01,7.998801e-03,7.000000e+03
3,ON,8.759905e-07,1.000000e+00,7.549252e-02,7.000000e+03
4,ON,8.759905e-07,1.000000e-01,7.504103e-01,7.000000e+03
5,ON,8.759905e-07,1.000000e-02,7.499468e+00,7.000000e+03
6,ON,8.759905e-07,1.000000e-03,7.499624e+01,7.000000e+03
7,ON,8.759905e-07,1.000000e-04,7.506484e+02,7.000000e+03
8,ON,8.759905e-07,1.072355e-05,7.075438e+03,7.000000e+03
final,OFF,8.759905e-07,1.072355e-05,9.964743e+04,1.000000e+05
final,ON,8.759905e-07,1.072355e-05,7.075438e+03,7.000000e+03
