panel,Ugate_V,t_s,V_V,I_A,x,P,Tmax_K
a,0.000,0.000000e+00,0.000000e+00,0.000000e+00,1.000000e-03,1.000000e+00,2.931500e+02
a,0.000,1.000000e-04,1.520000e-01,1.635803e-06,1.000113e-03,1.000000e+00,2.931500e+02
a,0.000,2.000000e-04,3.040000e-01,1.865629e-06,1.000514e-03,1.000000e+00,2.931500e+02
a,0.000,3.000000e-04,4.560000e-01,1.910364e-06,1.001373e-03,1.000000e+00,2.931500e+02
a,0.000,4.000000e-04,6.080000e-01,1.970483e-06,1.004095e-03,1.000000e+00,2.931500e+02
a,0.000,5.000000e-04,7.600000e-01,2.047568e-06,1.008949e-03,1.000000e+00,2.931500e+02
a,0.000,6.000000e-04,9.120000e-01,2.140342e-06,1.015726e-03,1.000000e+00,2.931500e+02
a,0.000,7.000000e-04,1.064000e+00,2.287657e-06,1.080117e-03,1.000000e+00,2.931500e+02
a,0.000,8.000000e-04,1.216000e+00,2.503471e-06,1.222640e-03,1.000000e+00,2.931500e+02
a,0.000,9.000000e-04,1.368000e+00,2.769243e-06,1.415937e-03,1.000000e+00,2.931500e+02
a,0.000,1.000000e-03,1.520000e+00,3.084673e-06,1.660008e-03,1.000000e+00,2.931500e+02
a,0.000,1.100000e-03,1.672000e+00,3.449465e-06,1.954855e-03,1.000000e+00,2.931500e+02
a,0.000,1.200000e-03,1.824000e+00,3.864184e-06,2.300476e-03,1.000000e+00,2.931500e+02
a,0.000,1.300000e-03,1.976000e+00,4.381067e-06,2.790946e-03,1.000000e+00,2.931500e+02
a,0.000,1.400000e-03,2.128000e+00,5.206805e-06,3.794014e-03,1.000000e+00,2.931500e+02
a,0.000,1.500000e-03,2.280000e+00,6.161783e-06,4.990395e-03,1.000000e+00,2.931500e+02
a,0.000,1.600000e-03,2.432000e+00,7.494090e-06,7.538535e-03,1.000000e+00,2.931500e+02
a,0.000,1.700000e-03,2.584000e+00,9.201678e-06,1.171730e-02,1.000000e+00,2.931500e+02
a,0.000,1.800000e-03,2.736000e+00,1.150746e-05,1.956579e-02,1.000000e+00,2.931500e+02
a,0.000,1.900000e-03,2.888000e+00,1.475019e-05,3.281127e-02,1.000000e+00,2.931500e+02
a,0.000,2.000000e-03,3.040000e+00,1.961309e-05,5.635349e-02,1.000000e+00,2.931500e+02
a,0.000,2.100000e-03,3.192000e+00,2.745369e-05,9.872707e-02,1.000000e+00,2.931500e+02
a,0.000,2.200000e-03,3.344000e+00,4.203342e-05,1.748770e-01,1.000000e+00,2.931500e+02
a,0.000,2.300000e-03,3.496000e+00,7.406907e-05,3.109195e-01,1.000000e+00,2.931500e+02
a,0.000,2.400000e-03,3.648000e+00,1.589141e-04,5.406636e-01,1.000000e+00,2.931500e+02
a,0.000,2.500000e-03,3.800000e+00,3.646775e-04,8.363226e-01,1.000000e+00,2.931500e+02
a,0.000,2.600000e-03,3.648000e+00,4.632894e-04,9.562129e-01,1.000000e+00,2.931500e+02
a,0.000,2.700000e-03,3.496000e+00,4.760640e-04,9.850183e-01,1.000000e+00,2.931500e+02
a,0.000,2.800000e-03,3.344000e+00,4.656631e-04,9.928681e-01,1.000000e+00,2.931500e+02
a,0.000,2.900000e-03,3.192000e+00,4.465860e-04,9.946990e-01,1.000000e+00,2.931500e+02
a,0.000,3.000000e-03,3.040000e+00,4.255356e-04,9.952155e-01,1.000000e+00,2.931500e+02
a,0.000,3.100000e-03,2.888000e+00,4.040857e-04,9.954840e-01,1.000000e+00,2.931500e+02
a,0.000,3.200000e-03,2.736000e+00,3.824880e-04,9.955221e-01,1.000000e+00,2.931500e+02
a,0.000,3.300000e-03,2.584000e+00,3.608905e-04,9.955603e-01,1.000000e+00,2.931500e+02
a,0.000,3.400000e-03,2.432000e+00,3.392927e-04,9.955984e-01,1.000000e+00,2.931500e+02
a,0.000,3.500000e-03,2.280000e+00,3.177909e-04,9.956086e-01,1.000000e+00,2.931500e+02
a,0.000,3.600000e-03,2.128000e+00,2.963224e-04,9.956091e-01,1.000000e+00,2.931500e+02
a,0.000,3.700000e-03,1.976000e+00,2.748538e-04,9.956097e-01,1.000000e+00,2.931500e+02
a,0.000,3.800000e-03,1.824000e+00,2.533849e-04,9.956102e-01,1.000000e+00,2.931500e+02
a,0.000,3.900000e-03,1.672000e+00,2.319162e-04,9.956108e-01,1.000000e+00,2.931500e+02
a,0.000,4.000000e-03,1.520000e+00,2.104475e-04,9.956114e-01,1.000000e+00,2.931500e+02
a,0.000,4.100000e-03,1.368000e+00,1.889788e-04,9.956119e-01,1.000000e+00,2.931500e+02
a,0.000,4.200000e-03,1.216000e+00,1.678432e-04,9.956116e-01,1.000000e+00,2.931500e+02
a,0.000,4.300000e-03,1.064000e+00,1.467095e-04,9.956112e-01,1.000000e+00,2.931500e+02
a,0.000,4.400000e-03,9.120000e-01,1.255759e-04,9.956109e-01,1.000000e+00,2.931500e+02
a,0.000,4.500000e-03,7.600000e-01,1.044422e-04,9.956106e-01,1.000000e+00,2.931500e+02
a,0.000,4.600000e-03,6.080000e-01,8.330860e-05,9.956102e-01,1.000000e+00,2.931500e+02
a,0.000,4.700000e-03,4.560000e-01,6.217491e-05,9.956099e-01,1.000000e+00,2.931500e+02
a,0.000,4.800000e-03,3.040000e-01,4.104127e-05,9.956095e-01,1.000000e+00,2.931500e+02
a,0.000,4.900000e-03,1.520000e-01,1.990758e-05,9.956092e-01,1.000000e+00,2.931500e+02
a,0.000,5.000000e-03,2.962611e-16,-1.226054e-06,9.956089e-01,1.000000e+00,2.931500e+02
a,0.000,5.100000e-03,-1.520000e-01,-2.235968e-05,9.956085e-01,1.000000e+00,2.931500e+02
a,0.000,5.200000e-03,-3.040000e-01,-4.369422e-05,9.956004e-01,1.000000e+00,2.931500e+02
a,0.000,5.300000e-03,-4.560000e-01,-6.503001e-05,9.955923e-01,1.000000e+00,2.931500e+02
a,0.000,5.400000e-03,-6.080000e-01,-8.535706e-05,9.945995e-01,1.000000e+00,2.931500e+02
a,0.000,5.500000e-03,-7.600000e-01,-1.046503e-04,9.925973e-01,1.000000e+00,2.931500e+02
a,0.000,5.600000e-03,-9.120000e-01,-1.239436e-04,9.905952e-01,1.000000e+00,2.931500e+02
a,0.000,5.700000e-03,-1.064000e+00,-1.432366e-04,9.885931e-01,1.000000e+00,2.931500e+02
a,0.000,5.800000e-03,-1.216000e+00,-1.625300e-04,9.865910e-01,1.000000e+00,2.931500e+02
a,0.000,5.900000e-03,-1.368000e+00,-1.784594e-04,9.816521e-01,1.000000e+00,2.931500e+02
a,0.000,6.000000e-03,-1.520000e+00,-1.888779e-04,9.717791e-01,1.000000e+00,2.931500e+02
a,0.000,6.100000e-03,-1.672000e+00,-1.835416e-04,9.462926e-01,1.000000e+00,2.931500e+02
a,0.000,6.200000e-03,-1.824000e+00,-1.270455e-04,8.617943e-01,1.000000e+00,2.931500e+02
a,0.000,6.300000e-03,-1.976000e+00,-6.051325e-05,6.650504e-01,1.000000e+00,2.931500e+02
a,0.000,6.400000e-03,-2.128000e+00,-1.080056e-05,2.215347e-01,1.000000e+00,2.931500e+02
a,0.000,6.500000e-03,-2.280000e+00,-6.049746e-06,-6.725504e-04,1.000000e+00,2.931500e+02
a,0.000,6.600000e-03,-2.432000e+00,-7.293493e-06,-1.393225e-05,1.000000e+00,2.931500e+02
a,0.000,6.700000e-03,-2.584000e+00,-8.906385e-06,-5.362941e-05,1.000000e+00,2.931500e+02
a,0.000,6.800000e-03,-2.736000e+00,-1.103965e-05,-4.608674e-07,1.000000e+00,2.931500e+02
a,0.000,6.900000e-03,-2.888000e+00,-1.358716e-05,-1.723555e-07,1.000000e+00,2.931500e+02
a,0.000,7.000000e-03,-3.040000e+00,-1.725639e-05,-1.221657e-10,1.000000e+00,2.931500e+02
a,0.000,7.100000e-03,-3.192000e+00,-2.258865e-05,-9.001968e-11,1.000000e+00,2.931500e+02
a,0.000,7.200000e-03,-3.344000e+00,-2.792007e-05,-5.787363e-11,1.000000e+00,2.931500e+02
a,0.000,7.300000e-03,-3.496000e+00,-3.325206e-05,-2.572757e-11,1.000000e+00,2.931500e+02
a,0.000,7.400000e-03,-3.648000e+00,-3.948037e-05,-1.032793e-12,1.000000e+00,2.931500e+02
a,0.000,7.500000e-03,-3.800000e+00,-4.420493e-05,9.065816e-13,1.000000e+00,2.931500e+02
a,0.000,7.600000e-03,-3.648000e+00,-3.588752e-05,8.284210e-13,1.000000e+00,2.931500e+02
a,0.000,7.700000e-03,-3.496000e+00,-2.825279e-05,2.233274e-13,1.000000e+00,2.931500e+02
a,0.000,7.800000e-03,-3.344000e+00,-2.230551e-05,8.882878e-17,1.000000e+00,2.931500e+02
a,0.000,7.900000e-03,-3.192000e+00,-1.736096e-05,6.667447e-17,1.000000e+00,2.931500e+02
a,0.000,8.000000e-03,-3.040000e+00,-1.332280e-05,4.456981e-17,1.000000e+00,2.931500e+02
a,0.000,8.100000e-03,-2.888000e+00,-1.091769e-05,2.255469e-17,1.000000e+00,2.931500e+02
a,0.000,8.200000e-03,-2.736000e+00,-8.513043e-06,5.395742e-19,1.000000e+00,2.931500e+02
a,0.000,8.300000e-03,-2.584000e+00,-6.108238e-06,-2.147554e-17,1.000000e+00,2.931500e+02
a,0.000,8.400000e-03,-2.432000e+00,-3.703381e-06,-4.349066e-17,1.000000e+00,2.931500e+02
a,0.000,8.500000e-03,-2.280000e+00,-3.129649e-06,-4.401636e-17,1.000000e+00,2.931500e+02
a,0.000,8.600000e-03,-2.128000e+00,-2.556795e-06,-4.452167e-17,1.000000e+00,2.931500e+02
a,0.000,8.700000e-03,-1.976000e+00,-1.984404e-06,-4.502698e-17,1.000000e+00,2.931500e+02
a,0.000,8.800000e-03,-1.824000e+00,-1.412028e-06,-4.553229e-17,1.000000e+00,2.931500e+02
a,0.000,8.900000e-03,-1.672000e+00,-8.394121e-07,-4.603760e-17,1.000000e+00,2.931500e+02
a,0.000,9.000000e-03,-1.520000e+00,-2.672053e-07,-4.654291e-17,1.000000e+00,2.931500e+02
a,0.000,9.100000e-03,-1.368000e+00,3.055225e-07,-4.704822e-17,1.000000e+00,2.931500e+02
a,0.000,9.200000e-03,-1.216000e+00,8.779061e-07,-4.755353e-17,1.000000e+00,2.931500e+02
a,0.000,9.300000e-03,-1.064000e+00,1.295170e-06,2.156030e-07,1.000000e+00,2.931500e+02
a,0.000,9.400000e-03,-9.120000e-01,1.320998e-06,9.751941e-07,1.000000e+00,2.931500e+02
a,0.000,9.500000e-03,-7.600000e-01,1.346618e-06,1.734785e-06,1.000000e+00,2.931500e+02
a,0.000,9.600000e-03,-6.080000e-01,1.372141e-06,2.494376e-06,1.000000e+00,2.931500e+02
a,0.000,9.700000e-03,-4.560000e-01,1.397869e-06,3.253968e-06,1.000000e+00,2.931500e+02
a,0.000,9.800000e-03,-3.040000e-01,1.423477e-06,4.013559e-06,1.000000e+00,2.931500e+02
a,0.000,9.900000e-03,-1.520000e-01,1.449081e-06,4.773150e-06,1.000000e+00,2.931500e+02
a,0.000,1.000000e-02,-5.925221e-16,1.474748e-06,5.532741e-06,1.000000e+00,2.931500e+02
b,-0.9000,1.000000e-02,0.000000e+00,0.000000e+00,5.532741e-06,9.999997e-01,2.931500e+02
b,-0.9000,1.010000e-02,1.520000e-01,1.635492e-06,5.645427e-06,9.983880e-01,2.931500e+02
b,-0.9000,1.020000e-02,3.040000e-01,1.864662e-06,6.047342e-06,9.968346e-01,2.931500e+02
b,-0.9000,1.030000e-02,4.560000e-01,1.908376e-06,6.905646e-06,9.953371e-01,2.931500e+02
b,-0.9000,1.040000e-02,6.080000e-01,1.966753e-06,9.628512e-06,9.938883e-01,2.931500e+02
b,-0.9000,1.050000e-02,7.600000e-01,2.041336e-06,1.448217e-05,9.924870e-01,2.931500e+02
b,-0.9000,1.060000e-02,9.120000e-01,2.131019e-06,2.125956e-05,9.911341e-01,2.931500e+02
b,-0.9000,1.070000e-02,1.064000e+00,2.272196e-06,8.565076e-05,9.898178e-01,2.931500e+02
b,-0.9000,1.080000e-02,1.216000e+00,2.478353e-06,2.281732e-04,9.885335e-01,2.931500e+02
b,-0.9000,1.090000e-02,1.368000e+00,2.731337e-06,4.214702e-04,9.872871e-01,2.931500e+02
b,-0.9000,1.100000e-02,1.520000e+00,3.031691e-06,6.655420e-04,9.860787e-01,2.931500e+02
b,-0.9000,1.110000e-02,1.672000e+00,3.379055e-06,9.603884e-04,9.849082e-01,2.931500e+02
b,-0.9000,1.120000e-02,1.824000e+00,3.773383e-06,1.306009e-03,9.837757e-01,2.931500e+02
b,-0.9000,1.130000e-02,1.976000e+00,4.263574e-06,1.795390e-03,9.826797e-01,2.931500e+02
b,-0.9000,1.140000e-02,2.128000e+00,5.041825e-06,2.792013e-03,9.816150e-01,2.931500e+02
b,-0.9000,1.150000e-02,2.280000e+00,5.941948e-06,3.980296e-03,9.805861e-01,2.931500e+02
b,-0.9000,1.160000e-02,2.432000e+00,7.196943e-06,6.529249e-03,9.795831e-01,2.931500e+02
b,-0.9000,1.170000e-02,2.584000e+00,8.801672e-06,1.072003e-02,9.786077e-01,2.931500e+02
b,-0.9000,1.180000e-02,2.736000e+00,1.095910e-05,1.853248e-02,9.776560e-01,2.931500e+02
b,-0.9000,1.190000e-02,2.888000e+00,1.399355e-05,3.175456e-02,9.767281e-01,2.931500e+02
b,-0.9000,1.200000e-02,3.040000e+00,1.853218e-05,5.528109e-02,9.758226e-01,2.931500e+02
b,-0.9000,1.210000e-02,3.192000e+00,2.583273e-05,9.760942e-02,9.749382e-01,2.931500e+02
b,-0.9000,1.220000e-02,3.344000e+00,3.937242e-05,1.736965e-01,9.740741e-01,2.931500e+02
b,-0.9000,1.230000e-02,3.496000e+00,6.890883e-05,3.095002e-01,9.732293e-01,2.931500e+02
b,-0.9000,1.240000e-02,3.648000e+00,1.473641e-04,5.394245e-01,9.724031e-01,2.931500e+02
b,-0.9000,1.250000e-02,3.800000e+00,3.365360e-04,8.360275e-01,9.715965e-01,2.931500e+02
b,-0.9000,1.260000e-02,3.648000e+00,4.253360e-04,9.552772e-01,9.708070e-01,2.931500e+02
b,-0.9000,1.270000e-02,3.496000e+00,4.349475e-04,9.836365e-01,9.700323e-01,2.931500e+02
b,-0.9000,1.280000e-02,3.344000e+00,4.265838e-04,9.931452e-01,9.692761e-01,2.931500e+02
b,-0.9000,1.290000e-02,3.192000e+00,4.079673e-04,9.948501e-01,9.685375e-01,2.931500e+02
b,-0.9000,1.300000e-02,3.040000e+00,3.883016e-04,9.955473e-01,9.678183e-01,2.931500e+02
b,-0.9000,1.310000e-02,2.888000e+00,3.679153e-04,9.957490e-01,9.671150e-01,2.931500e+02
b,-0.9000,1.320000e-02,2.736000e+00,3.476492e-04,9.958434e-01,9.664385e-01,2.931500e+02
b,-0.9000,1.330000e-02,2.584000e+00,3.274645e-04,9.958649e-01,9.657802e-01,2.931500e+02
b,-0.9000,1.340000e-02,2.432000e+00,3.072799e-04,9.958864e-01,9.651218e-01,2.931500e+02
b,-0.9000,1.350000e-02,2.280000e+00,2.870947e-04,9.959079e-01,9.644635e-01,2.931500e+02
b,-0.9000,1.360000e-02,2.128000e+00,2.674430e-04,9.959097e-01,9.638732e-01,2.931500e+02
b,-0.9000,1.370000e-02,1.976000e+00,2.478382e-04,9.959097e-01,9.632888e-01,2.931500e+02
b,-0.9000,1.380000e-02,1.824000e+00,2.282338e-04,9.959098e-01,9.627044e-01,2.931500e+02
b,-0.9000,1.390000e-02,1.672000e+00,2.086291e-04,9.959099e-01,9.621200e-01,2.931500e+02
b,-0.9000,1.400000e-02,1.520000e+00,1.890246e-04,9.959100e-01,9.615357e-01,2.931500e+02
b,-0.9000,1.410000e-02,1.368000e+00,1.694199e-04,9.959100e-01,9.609513e-01,2.931500e+02
b,-0.9000,1.420000e-02,1.216000e+00,1.498152e-04,9.959101e-01,9.603669e-01,2.931500e+02
b,-0.9000,1.430000e-02,1.064000e+00,1.306362e-04,9.959087e-01,9.598259e-01,2.931500e+02
b,-0.9000,1.440000e-02,9.120000e-01,1.117838e-04,9.959061e-01,9.593182e-01,2.931500e+02
b,-0.9000,1.450000e-02,7.600000e-01,9.293154e-05,9.959035e-01,9.588105e-01,2.931500e+02
b,-0.9000,1.460000e-02,6.080000e-01,7.407937e-05,9.959009e-01,9.583028e-01,2.931500e+02
b,-0.9000,1.470000e-02,4.560000e-01,5.522717e-05,9.958983e-01,9.577951e-01,2.931500e+02
b,-0.9000,1.480000e-02,3.040000e-01,3.637490e-05,9.958957e-01,9.572874e-01,2.931500e+02
b,-0.9000,1.490000e-02,1.520000e-01,1.752264e-05,9.958931e-01,9.567797e-01,2.931500e+02
b,-0.9000,1.500000e-02,2.962611e-16,-1.329547e-06,9.958905e-01,9.562720e-01,2.931500e+02
b,-0.9000,1.510000e-02,-1.520000e-01,-2.018184e-05,9.958879e-01,9.557643e-01,2.931500e+02
b,-0.9000,1.520000e-02,-3.040000e-01,-3.903405e-05,9.958853e-01,9.552566e-01,2.931500e+02
b,-0.9000,1.530000e-02,-4.560000e-01,-5.763110e-05,9.958620e-01,9.547597e-01,2.931500e+02
b,-0.9000,1.540000e-02,-6.080000e-01,-7.603185e-05,9.958228e-01,9.542710e-01,2.931500e+02
b,-0.9000,1.550000e-02,-7.600000e-01,-9.439273e-05,9.957337e-01,9.537835e-01,2.931500e+02
b,-0.9000,1.560000e-02,-9.120000e-01,-1.121841e-04,9.949318e-01,9.533128e-01,2.931500e+02
b,-0.9000,1.570000e-02,-1.064000e+00,-1.299754e-04,9.941299e-01,9.528421e-01,2.931500e+02
b,-0.9000,1.580000e-02,-1.216000e+00,-1.468703e-04,9.924106e-01,9.523741e-01,2.931500e+02
b,-0.9000,1.590000e-02,-1.368000e+00,-1.618906e-04,9.887725e-01,9.519120e-01,2.931500e+02
b,-0.9000,1.600000e-02,-1.520000e+00,-1.703285e-04,9.783517e-01,9.514552e-01,2.931500e+02
b,-0.9000,1.610000e-02,-1.672000e+00,-1.596928e-04,9.472189e-01,9.510043e-01,2.931500e+02
b,-0.9000,1.620000e-02,-1.824000e+00,-1.219308e-04,8.712864e-01,9.505583e-01,2.931500e+02
b,-0.9000,1.630000e-02,-1.976000e+00,-5.285970e-05,6.608716e-01,9.501177e-01,2.931500e+02
b,-0.9000,1.640000e-02,-2.128000e+00,-8.952445e-06,2.029673e-01,9.496824e-01,2.931500e+02
b,-0.9000,1.650000e-02,-2.280000e+00,-5.575220e-06,2.801845e-04,9.492521e-01,2.931500e+02
b,-0.9000,1.660000e-02,-2.432000e+00,-6.671589e-06,8.965101e-07,9.488281e-01,2.931500e+02
b,-0.9000,1.670000e-02,-2.584000e+00,-8.115464e-06,2.165907e-08,9.484121e-01,2.931500e+02
b,-0.9000,1.680000e-02,-2.736000e+00,-9.851839e-06,8.457397e-11,9.480010e-01,2.931500e+02
b,-0.9000,1.690000e-02,-2.888000e+00,-1.252397e-05,5.342337e-11,9.476019e-01,2.931500e+02
b,-0.9000,1.700000e-02,-3.040000e+00,-1.519613e-05,2.227277e-11,9.472029e-01,2.931500e+02
b,-0.9000,1.710000e-02,-3.192000e+00,-1.838573e-05,-1.457609e-15,9.468063e-01,2.931500e+02
b,-0.9000,1.720000e-02,-3.344000e+00,-2.287243e-05,-5.016658e-16,9.464156e-01,2.931500e+02
b,-0.9000,1.730000e-02,-3.496000e+00,-2.826251e-05,1.148652e-17,9.460278e-01,2.931500e+02
b,-0.9000,1.740000e-02,-3.648000e+00,-3.489724e-05,2.720867e-17,9.456437e-01,2.931500e+02
b,-0.9000,1.750000e-02,-3.800000e+00,-3.971139e-05,-6.504260e-17,9.452636e-01,2.931500e+02
b,-0.9000,1.760000e-02,-3.648000e+00,-3.032590e-05,-2.642973e-17,9.448873e-01,2.931500e+02
b,-0.9000,1.770000e-02,-3.496000e+00,-2.439056e-05,9.296436e-18,9.445164e-01,2.931500e+02
b,-0.9000,1.780000e-02,-3.344000e+00,-1.924919e-05,5.979250e-19,9.441516e-01,2.931500e+02
b,-0.9000,1.790000e-02,-3.192000e+00,-1.490814e-05,-8.100200e-18,9.437911e-01,2.931500e+02
b,-0.9000,1.800000e-02,-3.040000e+00,-1.142884e-05,-1.678244e-17,9.434367e-01,2.931500e+02
b,-0.9000,1.810000e-02,-2.888000e+00,-9.284241e-06,-2.544010e-17,9.430920e-01,2.931500e+02
b,-0.9000,1.820000e-02,-2.736000e+00,-7.139798e-06,-3.409776e-17,9.427473e-01,2.931500e+02
b,-0.9000,1.830000e-02,-2.584000e+00,-4.995315e-06,-4.275543e-17,9.424026e-01,2.931500e+02
b,-0.9000,1.840000e-02,-2.432000e+00,-3.091432e-06,-5.012581e-17,9.420620e-01,2.931500e+02
b,-0.9000,1.850000e-02,-2.280000e+00,-2.564499e-06,-5.013018e-17,9.417450e-01,2.931500e+02
b,-0.9000,1.860000e-02,-2.128000e+00,-2.036923e-06,-5.013455e-17,9.414281e-01,2.931500e+02
b,-0.9000,1.870000e-02,-1.976000e+00,-1.510287e-06,-5.013891e-17,9.411111e-01,2.931500e+02
b,-0.9000,1.880000e-02,-1.824000e+00,-9.831360e-07,-5.014328e-17,9.407941e-01,2.931500e+02
b,-0.9000,1.890000e-02,-1.672000e+00,-4.559116e-07,-5.014765e-17,9.404772e-01,2.931500e+02
b,-0.9000,1.900000e-02,-1.520000e+00,7.080171e-08,-5.015201e-17,9.401602e-01,2.931500e+02
b,-0.9000,1.910000e-02,-1.368000e+00,5.979990e-07,-5.015638e-17,9.398433e-01,2.931500e+02
b,-0.9000,1.920000e-02,-1.216000e+00,1.125123e-06,-5.016075e-17,9.395263e-01,2.931500e+02
b,-0.9000,1.930000e-02,-1.064000e+00,1.342804e-06,4.227479e-07,9.392277e-01,2.931500e+02
b,-0.9000,1.940000e-02,-9.120000e-01,1.402441e-06,1.062206e-06,9.389384e-01,2.931500e+02
b,-0.9000,1.950000e-02,-7.600000e-01,1.461991e-06,1.701663e-06,9.386492e-01,2.931500e+02
b,-0.9000,1.960000e-02,-6.080000e-01,1.521381e-06,2.341121e-06,9.383600e-01,2.931500e+02
b,-0.9000,1.970000e-02,-4.560000e-01,1.581004e-06,2.980578e-06,9.380707e-01,2.931500e+02
b,-0.9000,1.980000e-02,-3.040000e-01,1.640481e-06,3.620036e-06,9.377815e-01,2.931500e+02
b,-0.9000,1.990000e-02,-1.520000e-01,1.699914e-06,4.259494e-06,9.374923e-01,2.931500e+02
b,-0.9000,2.000000e-02,-5.925221e-16,1.759437e-06,4.898951e-06,9.372030e-01,2.931500e+02
c,-1.100,2.000000e-02,0.000000e+00,0.000000e+00,4.898951e-06,9.371867e-01,2.931500e+02
c,-1.100,2.010000e-02,1.800000e-01,1.925798e-06,5.035055e-06,8.595394e-01,2.931500e+02
c,-1.100,2.020000e-02,3.600000e-01,2.176954e-06,5.566262e-06,7.889256e-01,2.931500e+02
c,-1.100,2.030000e-02,5.400000e-01,2.199688e-06,6.793680e-06,7.248825e-01,2.931500e+02
c,-1.100,2.040000e-02,7.200000e-01,2.226681e-06,1.195815e-05,6.663763e-01,2.931500e+02
c,-1.100,2.050000e-02,9.000000e-01,2.259007e-06,2.167131e-05,6.132083e-01,2.931500e+02
c,-1.100,2.060000e-02,1.080000e+00,2.295823e-06,3.545743e-05,5.655332e-01,2.931500e+02
c,-1.100,2.070000e-02,1.260000e+00,2.346084e-06,8.343398e-05,5.227006e-01,2.931500e+02
c,-1.100,2.080000e-02,1.440000e+00,2.413367e-06,1.766969e-04,4.844709e-01,2.931500e+02
c,-1.100,2.090000e-02,1.620000e+00,2.493459e-06,3.004515e-04,4.511637e-01,2.931500e+02
c,-1.100,2.100000e-02,1.800000e+00,2.599435e-06,6.469096e-04,4.222154e-01,2.931500e+02
c,-1.100,2.110000e-02,1.980000e+00,2.750816e-06,1.499049e-03,3.967965e-01,2.931500e+02
c,-1.100,2.120000e-02,2.160000e+00,2.933226e-06,2.648641e-03,3.755175e-01,2.931500e+02
c,-1.100,2.130000e-02,2.340000e+00,3.157740e-06,4.303064e-03,3.582001e-01,2.931500e+02
c,-1.100,2.140000e-02,2.520000e+00,3.476422e-06,7.450419e-03,3.439952e-01,2.931500e+02
c,-1.100,2.150000e-02,2.700000e+00,3.921552e-06,1.405250e-02,3.321654e-01,2.931500e+02
c,-1.100,2.160000e-02,2.880000e+00,4.548158e-06,2.595639e-02,3.222668e-01,2.931500e+02
c,-1.100,2.170000e-02,3.060000e+00,5.489303e-06,4.923892e-02,3.137954e-01,2.931500e+02
c,-1.100,2.180000e-02,3.240000e+00,7.090648e-06,9.647114e-02,3.063925e-01,2.931500e+02
c,-1.100,2.190000e-02,3.420000e+00,1.016190e-05,1.901837e-01,2.998637e-01,2.931500e+02
c,-1.100,2.200000e-02,3.600000e+00,1.766058e-05,3.771666e-01,2.940412e-01,2.931500e+02
c,-1.100,2.210000e-02,3.780000e+00,3.941138e-05,7.058469e-01,2.888004e-01,2.931500e+02
c,-1.100,2.220000e-02,3.960000e+00,6.899584e-05,9.595064e-01,2.841223e-01,2.931500e+02
c,-1.100,2.230000e-02,4.140000e+00,7.639837e-05,9.973208e-01,2.798434e-01,2.931500e+02
c,-1.100,2.240000e-02,4.320000e+00,7.898060e-05,9.989229e-01,2.759742e-01,2.931500e+02
c,-1.100,2.250000e-02,4.500000e+00,8.079539e-05,9.996338e-01,2.723626e-01,2.931500e+02
c,-1.100,2.260000e-02,4.320000e+00,7.326804e-05,9.993406e-01,2.689993e-01,2.931500e+02
c,-1.100,2.270000e-02,4.140000e+00,6.936858e-05,9.983472e-01,2.659322e-01,2.931500e+02
c,-1.100,2.280000e-02,3.960000e+00,6.546367e-05,9.965984e-01,2.631074e-01,2.931500e+02
c,-1.100,2.290000e-02,3.780000e+00,6.117888e-05,9.915595e-01,2.605240e-01,2.931500e+02
c,-1.100,2.300000e-02,3.600000e+00,5.652717e-05,9.833346e-01,2.581741e-01,2.931500e+02
c,-1.100,2.310000e-02,3.420000e+00,5.187483e-05,9.751096e-01,2.558242e-01,2.931500e+02
c,-1.100,2.320000e-02,3.240000e+00,4.720755e-05,9.666936e-01,2.534846e-01,2.931500e+02
c,-1.100,2.330000e-02,3.060000e+00,4.208729e-05,9.526115e-01,2.514472e-01,2.931500e+02
c,-1.100,2.340000e-02,2.880000e+00,3.696663e-05,9.385294e-01,2.494099e-01,2.931500e+02
c,-1.100,2.350000e-02,2.700000e+00,3.184887e-05,9.244408e-01,2.473734e-01,2.931500e+02
c,-1.100,2.360000e-02,2.520000e+00,2.736335e-05,9.084558e-01,2.455870e-01,2.931500e+02
c,-1.100,2.370000e-02,2.340000e+00,2.287840e-05,8.924709e-01,2.438006e-01,2.931500e+02
c,-1.100,2.380000e-02,2.160000e+00,1.839281e-05,8.764860e-01,2.420142e-01,2.931500e+02
c,-1.100,2.390000e-02,1.980000e+00,1.508580e-05,8.593810e-01,2.404158e-01,2.931500e+02
c,-1.100,2.400000e-02,1.800000e+00,1.180967e-05,8.422465e-01,2.388224e-01,2.931500e+02
c,-1.100,2.410000e-02,1.620000e+00,8.533897e-06,8.251119e-01,2.372290e-01,2.931500e+02
c,-1.100,2.420000e-02,1.440000e+00,6.953735e-06,8.073375e-01,2.359015e-01,2.931500e+02
c,-1.100,2.430000e-02,1.260000e+00,5.471746e-06,7.895260e-01,2.345894e-01,2.931500e+02
c,-1.100,2.440000e-02,1.080000e+00,3.989796e-06,7.717144e-01,2.332773e-01,2.931500e+02
c,-1.100,2.450000e-02,9.000000e-01,2.508100e-06,7.539029e-01,2.319652e-01,2.931500e+02
c,-1.100,2.460000e-02,7.200000e-01,1.026300e-06,7.360913e-01,2.306532e-01,2.931500e+02
c,-1.100,2.470000e-02,5.400000e-01,-4.555555e-07,7.182798e-01,2.293411e-01,2.931500e+02
c,-1.100,2.480000e-02,3.600000e-01,-9.620321e-07,7.012091e-01,2.282069e-01,2.931500e+02
c,-1.100,2.490000e-02,1.800000e-01,-1.344092e-06,6.842331e-01,2.270954e-01,2.931500e+02
c,-1.100,2.500000e-02,3.508355e-16,-1.726119e-06,6.672571e-01,2.259840e-01,2.931500e+02
c,-1.100,2.510000e-02,-1.800000e-01,-2.108014e-06,6.502811e-01,2.248725e-01,2.931500e+02
c,-1.100,2.520000e-02,-3.600000e-01,-2.489968e-06,6.333051e-01,2.237611e-01,2.931500e+02
c,-1.100,2.530000e-02,-5.400000e-01,-2.871958e-06,6.163291e-01,2.226496e-01,2.931500e+02
c,-1.100,2.540000e-02,-7.200000e-01,-3.169374e-06,5.995168e-01,2.215848e-01,2.931500e+02
c,-1.100,2.550000e-02,-9.000000e-01,-3.447472e-06,5.827062e-01,2.205323e-01,2.931500e+02
c,-1.100,2.560000e-02,-1.080000e+00,-3.688862e-06,5.652997e-01,2.195268e-01,2.931500e+02
c,-1.100,2.570000e-02,-1.260000e+00,-3.930034e-06,5.474223e-01,2.185259e-01,2.931500e+02
c,-1.100,2.580000e-02,-1.440000e+00,-4.160623e-06,5.263335e-01,2.175480e-01,2.931500e+02
c,-1.100,2.590000e-02,-1.620000e+00,-4.300973e-06,4.949033e-01,2.165907e-01,2.931500e+02
c,-1.100,2.600000e-02,-1.800000e+00,-4.078429e-06,4.265847e-01,2.156561e-01,2.931500e+02
c,-1.100,2.610000e-02,-1.980000e+00,-3.367904e-06,2.718234e-01,2.147399e-01,2.931500e+02
c,-1.100,2.620000e-02,-2.160000e+00,-2.741702e-06,3.901486e-02,2.138440e-01,2.931500e+02
c,-1.100,2.630000e-02,-2.340000e+00,-2.833978e-06,-1.007954e-04,2.129690e-01,2.931500e+02
c,-1.100,2.640000e-02,-2.520000e+00,-3.079404e-06,-2.013676e-06,2.121171e-01,2.931500e+02
c,-1.100,2.650000e-02,-2.700000e+00,-3.402965e-06,-3.023741e-08,2.112896e-01,2.931500e+02
c,-1.100,2.660000e-02,-2.880000e+00,-3.893501e-06,-1.204850e-09,2.104956e-01,2.931500e+02
c,-1.100,2.670000e-02,-3.060000e+00,-4.392776e-06,-8.111008e-11,2.097034e-01,2.931500e+02
c,-1.100,2.680000e-02,-3.240000e+00,-5.511124e-06,-1.569960e-12,2.089674e-01,2.931500e+02
c,-1.100,2.690000e-02,-3.420000e+00,-6.675927e-06,-1.064433e-12,2.082357e-01,2.931500e+02
c,-1.100,2.700000e-02,-3.600000e+00,-7.841354e-06,-5.589059e-13,2.075040e-01,2.931500e+02
c,-1.100,2.710000e-02,-3.780000e+00,-9.006393e-06,-5.337882e-14,2.067723e-01,2.931500e+02
c,-1.100,2.720000e-02,-3.960000e+00,-1.136294e-05,-2.735868e-17,2.060653e-01,2.931500e+02
c,-1.100,2.730000e-02,-4.140000e+00,-1.385921e-05,-3.438775e-17,2.053612e-01,2.931500e+02
c,-1.100,2.740000e-02,-4.320000e+00,-1.741826e-05,-4.141681e-17,2.046696e-01,2.931500e+02
c,-1.100,2.750000e-02,-4.500000e+00,-2.124174e-05,-4.861585e-17,2.039876e-01,2.931500e+02
c,-1.100,2.760000e-02,-4.320000e+00,-1.303930e-05,-6.008931e-17,2.033175e-01,2.931500e+02
c,-1.100,2.770000e-02,-4.140000e+00,-9.574815e-06,-7.174937e-17,2.026637e-01,2.931500e+02
c,-1.100,2.780000e-02,-3.960000e+00,-6.921829e-06,-8.330961e-17,2.020255e-01,2.931500e+02
c,-1.100,2.790000e-02,-3.780000e+00,-4.880101e-06,-7.986271e-17,2.014044e-01,2.931500e+02
c,-1.100,2.800000e-02,-3.600000e+00,-3.522920e-06,-5.964660e-17,2.008024e-01,2.931500e+02
c,-1.100,2.810000e-02,-3.420000e+00,-2.164524e-06,-3.943048e-17,2.002003e-01,2.931500e+02
c,-1.100,2.820000e-02,-3.240000e+00,-8.071630e-07,-1.921437e-17,1.995983e-01,2.931500e+02
c,-1.100,2.830000e-02,-3.060000e+00,-4.227339e-07,-1.549078e-17,1.990557e-01,2.931500e+02
c,-1.100,2.840000e-02,-2.880000e+00,-6.011418e-08,-1.212730e-17,1.985143e-01,2.931500e+02
c,-1.100,2.850000e-02,-2.700000e+00,3.029167e-07,-8.763826e-18,1.979730e-01,2.931500e+02
c,-1.100,2.860000e-02,-2.520000e+00,6.657434e-07,-5.400348e-18,1.974316e-01,2.931500e+02
c,-1.100,2.870000e-02,-2.340000e+00,1.028719e-06,-2.036870e-18,1.968903e-01,2.931500e+02
c,-1.100,2.880000e-02,-2.160000e+00,1.391829e-06,1.326608e-18,1.963489e-01,2.931500e+02
c,-1.100,2.890000e-02,-1.980000e+00,1.754557e-06,4.690086e-18,1.958076e-01,2.931500e+02
c,-1.100,2.900000e-02,-1.800000e+00,1.803600e-06,2.926030e-18,1.953326e-01,2.931500e+02
c,-1.100,2.910000e-02,-1.620000e+00,1.850294e-06,1.117218e-18,1.948582e-01,2.931500e+02
c,-1.100,2.920000e-02,-1.440000e+00,1.896670e-06,-6.915945e-19,1.943839e-01,2.931500e+02
c,-1.100,2.930000e-02,-1.260000e+00,1.943038e-06,-2.500407e-18,1.939095e-01,2.931500e+02
c,-1.100,2.940000e-02,-1.080000e+00,1.989592e-06,-4.309219e-18,1.934351e-01,2.931500e+02
c,-1.100,2.950000e-02,-9.000000e-01,2.036047e-06,-6.118031e-18,1.929607e-01,2.931500e+02
c,-1.100,2.960000e-02,-7.200000e-01,2.082575e-06,-7.926843e-18,1.924863e-01,2.931500e+02
c,-1.100,2.970000e-02,-5.400000e-01,2.128945e-06,-9.735655e-18,1.920120e-01,2.931500e+02
c,-1.100,2.980000e-02,-3.600000e-01,2.175517e-06,-1.154447e-17,1.915376e-01,2.931500e+02
c,-1.100,2.990000e-02,-1.800000e-01,2.221968e-06,-1.335328e-17,1.910632e-01,2.931500e+02
c,-1.100,3.000000e-02,-7.016709e-16,2.225108e-06,8.963310e-06,1.906355e-01,2.931500e+02
d,0.000,3.000000e-02,0.000000e+00,0.000000e+00,8.963227e-06,1.906358e-01,2.931500e+02
d,0.000,3.010000e-02,1.600000e-01,1.691527e-06,8.678844e-06,1.917142e-01,2.931500e+02
d,0.000,3.020000e-02,3.200000e-01,1.899636e-06,8.718134e-06,1.927911e-01,2.931500e+02
d,0.000,3.030000e-02,4.800000e-01,1.906571e-06,9.260228e-06,1.938667e-01,2.931500e+02
d,0.000,3.040000e-02,6.400000e-01,1.916129e-06,1.191727e-05,1.949408e-01,2.931500e+02
d,0.000,3.050000e-02,8.000000e-01,1.928666e-06,1.699392e-05,1.960135e-01,2.931500e+02
d,0.000,3.060000e-02,9.600000e-01,1.943965e-06,2.425322e-05,1.970848e-01,2.931500e+02
d,0.000,3.070000e-02,1.120000e+00,1.966178e-06,4.798831e-05,1.981546e-01,2.931500e+02
d,0.000,3.080000e-02,1.280000e+00,1.996921e-06,9.346508e-05,1.992231e-01,2.931500e+02
d,0.000,3.090000e-02,1.440000e+00,2.034226e-06,1.536623e-04,2.002901e-01,2.931500e+02
d,0.000,3.100000e-02,1.600000e+00,2.079955e-06,2.518491e-04,2.013556e-01,2.931500e+02
d,0.000,3.110000e-02,1.760000e+00,2.152257e-06,6.098822e-04,2.024198e-01,2.931500e+02
d,0.000,3.120000e-02,1.920000e+00,2.240445e-06,1.096519e-03,2.034825e-01,2.931500e+02
d,0.000,3.130000e-02,2.080000e+00,2.345148e-06,1.711759e-03,2.045438e-01,2.931500e+02
d,0.000,3.140000e-02,2.240000e+00,2.486920e-06,2.790486e-03,2.056038e-01,2.931500e+02
d,0.000,3.150000e-02,2.400000e+00,2.674730e-06,4.560018e-03,2.066622e-01,2.931500e+02
d,0.000,3.160000e-02,2.560000e+00,2.927548e-06,8.136116e-03,2.077193e-01,2.931500e+02
d,0.000,3.170000e-02,2.720000e+00,3.264434e-06,1.420572e-02,2.087750e-01,2.931500e+02
d,0.000,3.180000e-02,2.880000e+00,3.728842e-06,2.543734e-02,2.098293e-01,2.931500e+02
d,0.000,3.190000e-02,3.040000e+00,4.416619e-06,4.660580e-02,2.108821e-01,2.931500e+02
d,0.000,3.200000e-02,3.200000e+00,5.493103e-06,8.586610e-02,2.119336e-01,2.931500e+02
d,0.000,3.210000e-02,3.360000e+00,7.408005e-06,1.589230e-01,2.129836e-01,2.931500e+02
d,0.000,3.220000e-02,3.520000e+00,1.144445e-05,2.955699e-01,2.140323e-01,2.931500e+02
d,0.000,3.230000e-02,3.680000e+00,2.171844e-05,5.403389e-01,2.150795e-01,2.931500e+02
d,0.000,3.240000e-02,3.840000e+00,4.477358e-05,8.527644e-01,2.161252e-01,2.931500e+02
d,0.000,3.250000e-02,4.000000e+00,5.959114e-05,9.796041e-01,2.171695e-01,2.931500e+02
d,0.000,3.260000e-02,3.840000e+00,5.503983e-05,9.924836e-01,2.182123e-01,2.931500e+02
d,0.000,3.270000e-02,3.680000e+00,5.219611e-05,9.867372e-01,2.192534e-01,2.931500e+02
d,0.000,3.280000e-02,3.520000e+00,4.855035e-05,9.760780e-01,2.202930e-01,2.931500e+02
d,0.000,3.290000e-02,3.360000e+00,4.459865e-05,9.633234e-01,2.213310e-01,2.931500e+02
d,0.000,3.300000e-02,3.200000e+00,4.003874e-05,9.451782e-01,2.223663e-01,2.931500e+02
d,0.000,3.310000e-02,3.040000e+00,3.547924e-05,9.270330e-01,2.234016e-01,2.931500e+02
d,0.000,3.320000e-02,2.880000e+00,3.101699e-05,9.070715e-01,2.244342e-01,2.931500e+02
d,0.000,3.330000e-02,2.720000e+00,2.656726e-05,8.868639e-01,2.254665e-01,2.931500e+02
d,0.000,3.340000e-02,2.560000e+00,2.290230e-05,8.673457e-01,2.264947e-01,2.931500e+02
d,0.000,3.350000e-02,2.400000e+00,1.963662e-05,8.481777e-01,2.275209e-01,2.931500e+02
d,0.000,3.360000e-02,2.240000e+00,1.637090e-05,8.290096e-01,2.285471e-01,2.931500e+02
d,0.000,3.370000e-02,2.080000e+00,1.310537e-05,8.098416e-01,2.295732e-01,2.931500e+02
d,0.000,3.380000e-02,1.920000e+00,1.019976e-05,7.913052e-01,2.305980e-01,2.931500e+02
d,0.000,3.390000e-02,1.760000e+00,8.512591e-06,7.749040e-01,2.316182e-01,2.931500e+02
d,0.000,3.400000e-02,1.600000e+00,6.825358e-06,7.585027e-01,2.326383e-01,2.931500e+02
d,0.000,3.410000e-02,1.440000e+00,5.138271e-06,7.421015e-01,2.336585e-01,2.931500e+02
d,0.000,3.420000e-02,1.280000e+00,3.450842e-06,7.257003e-01,2.346786e-01,2.931500e+02
d,0.000,3.430000e-02,1.120000e+00,2.505012e-06,7.112217e-01,2.356940e-01,2.931500e+02
d,0.000,3.440000e-02,9.600000e-01,1.752607e-06,6.972438e-01,2.367082e-01,2.931500e+02
d,0.000,3.450000e-02,8.000000e-01,9.999724e-07,6.832659e-01,2.377223e-01,2.931500e+02
d,0.000,3.460000e-02,6.400000e-01,2.473497e-07,6.692880e-01,2.387365e-01,2.931500e+02
d,0.000,3.470000e-02,4.800000e-01,-4.467593e-07,6.555844e-01,2.397497e-01,2.931500e+02
d,0.000,3.480000e-02,3.200000e-01,-9.905200e-07,6.425885e-01,2.407606e-01,2.931500e+02
d,0.000,3.490000e-02,1.600000e-01,-1.465929e-06,6.299119e-01,2.417705e-01,2.931500e+02
d,0.000,3.500000e-02,3.118537e-16,-1.873314e-06,6.175546e-01,2.427793e-01,2.931500e+02
d,0.000,3.510000e-02,-1.600000e-01,-2.212792e-06,6.055166e-01,2.437871e-01,2.931500e+02
d,0.000,3.520000e-02,-3.200000e-01,-2.484339e-06,5.937978e-01,2.447938e-01,2.931500e+02
d,0.000,3.530000e-02,-4.800000e-01,-2.687833e-06,5.823983e-01,2.457995e-01,2.931500e+02
d,0.000,3.540000e-02,-6.400000e-01,-2.823359e-06,5.713181e-01,2.468041e-01,2.931500e+02
d,0.000,3.550000e-02,-8.000000e-01,-2.890798e-06,5.605571e-01,2.478077e-01,2.931500e+02
d,0.000,3.560000e-02,-9.600000e-01,-3.063425e-06,5.499389e-01,2.488100e-01,2.931500e+02
d,0.000,3.570000e-02,-1.120000e+00,-3.405444e-06,5.393980e-01,2.498109e-01,2.931500e+02
d,0.000,3.580000e-02,-1.280000e+00,-3.725621e-06,5.279558e-01,2.508106e-01,2.931500e+02
d,0.000,3.590000e-02,-1.440000e+00,-3.988660e-06,5.141889e-01,2.518088e-01,2.931500e+02
d,0.000,3.600000e-02,-1.600000e+00,-4.205212e-06,4.931456e-01,2.528058e-01,2.931500e+02
d,0.000,3.610000e-02,-1.760000e+00,-4.155193e-06,4.463525e-01,2.538014e-01,2.931500e+02
d,0.000,3.620000e-02,-1.920000e+00,-3.579821e-06,3.332768e-01,2.547956e-01,2.931500e+02
d,0.000,3.630000e-02,-2.080000e+00,-2.724520e-06,1.183912e-01,2.557886e-01,2.931500e+02
d,0.000,3.640000e-02,-2.240000e+00,-2.557949e-06,1.133915e-03,2.567802e-01,2.931500e+02
d,0.000,3.650000e-02,-2.400000e+00,-2.762884e-06,-3.529196e-06,2.577703e-01,2.931500e+02
d,0.000,3.660000e-02,-2.560000e+00,-3.031258e-06,-6.398167e-08,2.587588e-01,2.931500e+02
d,0.000,3.670000e-02,-2.720000e+00,-3.409705e-06,-2.928234e-09,2.597448e-01,2.931500e+02
d,0.000,3.680000e-02,-2.880000e+00,-3.828787e-06,-5.441828e-12,2.607303e-01,2.931500e+02
d,0.000,3.690000e-02,-3.040000e+00,-4.609578e-06,-3.911908e-12,2.617113e-01,2.931500e+02
d,0.000,3.700000e-02,-3.200000e+00,-5.390136e-06,-2.381989e-12,2.626923e-01,2.931500e+02
d,0.000,3.710000e-02,-3.360000e+00,-6.171350e-06,-8.520697e-13,2.636734e-01,2.931500e+02
d,0.000,3.720000e-02,-3.520000e+00,-7.257005e-06,-1.453337e-16,2.646534e-01,2.931500e+02
d,0.000,3.730000e-02,-3.680000e+00,-8.725781e-06,-7.117496e-17,2.656321e-01,2.931500e+02
d,0.000,3.740000e-02,-3.840000e+00,-1.055802e-05,2.983772e-18,2.666099e-01,2.931500e+02
d,0.000,3.750000e-02,-4.000000e+00,-1.208033e-05,-8.657453e-19,2.675867e-01,2.931500e+02
d,0.000,3.760000e-02,-3.840000e+00,-6.274549e-06,1.111740e-16,2.685622e-01,2.931500e+02
d,0.000,3.770000e-02,-3.680000e+00,-4.897743e-06,1.157622e-16,2.695360e-01,2.931500e+02
d,0.000,3.780000e-02,-3.520000e+00,-3.520262e-06,-6.704775e-18,2.705080e-01,2.931500e+02
d,0.000,3.790000e-02,-3.360000e+00,-2.451773e-06,-6.673523e-17,2.714778e-01,2.931500e+02
d,0.000,3.800000e-02,-3.200000e+00,-1.650335e-06,-7.272897e-17,2.724455e-01,2.931500e+02
d,0.000,3.810000e-02,-3.040000e+00,-8.492357e-07,-7.872270e-17,2.734132e-01,2.931500e+02
d,0.000,3.820000e-02,-2.880000e+00,-1.339529e-07,-8.075352e-17,2.743795e-01,2.931500e+02
d,0.000,3.830000e-02,-2.720000e+00,1.200071e-07,-6.160166e-17,2.753385e-01,2.931500e+02
d,0.000,3.840000e-02,-2.560000e+00,3.747249e-07,-4.244979e-17,2.762976e-01,2.931500e+02
d,0.000,3.850000e-02,-2.400000e+00,6.289509e-07,-2.329792e-17,2.772567e-01,2.931500e+02
d,0.000,3.860000e-02,-2.240000e+00,8.833717e-07,-4.146053e-18,2.782157e-01,2.931500e+02
d,0.000,3.870000e-02,-2.080000e+00,1.137916e-06,1.500581e-17,2.791748e-01,2.931500e+02
d,0.000,3.880000e-02,-1.920000e+00,1.392278e-06,3.415768e-17,2.801338e-01,2.931500e+02
d,0.000,3.890000e-02,-1.760000e+00,1.561549e-06,4.995207e-17,2.810880e-01,2.931500e+02
d,0.000,3.900000e-02,-1.600000e+00,1.603191e-06,6.072442e-17,2.820349e-01,2.931500e+02
d,0.000,3.910000e-02,-1.440000e+00,1.645114e-06,7.149678e-17,2.829818e-01,2.931500e+02
d,0.000,3.920000e-02,-1.280000e+00,1.686816e-06,8.226913e-17,2.839287e-01,2.931500e+02
d,0.000,3.930000e-02,-1.120000e+00,1.728636e-06,9.304148e-17,2.848756e-01,2.931500e+02
d,0.000,3.940000e-02,-9.600000e-01,1.770327e-06,1.038138e-16,2.858225e-01,2.931500e+02
d,0.000,3.950000e-02,-8.000000e-01,1.812098e-06,1.145862e-16,2.867694e-01,2.931500e+02
d,0.000,3.960000e-02,-6.400000e-01,1.853859e-06,1.253585e-16,2.877163e-01,2.931500e+02
d,0.000,3.970000e-02,-4.800000e-01,1.895679e-06,1.361309e-16,2.886631e-01,2.931500e+02
d,0.000,3.980000e-02,-3.200000e-01,1.937502e-06,1.469033e-16,2.896100e-01,2.931500e+02
d,0.000,3.990000e-02,-1.600000e-01,1.963491e-06,3.478583e-06,2.905527e-01,2.931500e+02
d,0.000,4.000000e-02,-6.237075e-16,1.965421e-06,1.216033e-05,2.914892e-01,2.931500e+02
