step,Ugate_V,t_s,V_V,I_A,x
0,0.000,0.000000e+00,0.000000e+00,0.000000e+00,1.000000e-03
0,0.000,5.000000e-05,9.000000e-02,3.172036e-06,1.000096e-03
0,0.000,1.000000e-04,1.800000e-01,4.230307e-06,1.000416e-03
0,0.000,1.500000e-04,2.700000e-01,5.286888e-06,1.000881e-03
0,0.000,2.000000e-04,3.600000e-01,6.340936e-06,1.002259e-03
0,0.000,2.500000e-04,4.500000e-01,7.394984e-06,1.003637e-03
0,0.000,3.000000e-04,5.400000e-01,8.448703e-06,1.005564e-03
0,0.000,3.500000e-04,6.300000e-01,9.502894e-06,1.017507e-03
0,0.000,4.000000e-04,7.200000e-01,1.055702e-05,1.029449e-03
0,0.000,4.500000e-04,8.100000e-01,1.161091e-05,1.041391e-03
0,0.000,5.000000e-04,9.000000e-01,1.266526e-05,1.053333e-03
0,0.000,5.500000e-04,9.900000e-01,1.371911e-05,1.065276e-03
0,0.000,6.000000e-04,1.080000e+00,1.477370e-05,1.080525e-03
0,0.000,6.500000e-04,1.170000e+00,1.582933e-05,1.124262e-03
0,0.000,7.000000e-04,1.260000e+00,1.688524e-05,1.167999e-03
0,0.000,7.500000e-04,1.350000e+00,1.794119e-05,1.211735e-03
0,0.000,8.000000e-04,1.440000e+00,1.899887e-05,1.287871e-03
0,0.000,8.500000e-04,1.530000e+00,2.005973e-05,1.417784e-03
0,0.000,9.000000e-04,1.620000e+00,2.112101e-05,1.547696e-03
0,0.000,9.500000e-04,1.710000e+00,2.218401e-05,1.708059e-03
0,0.000,1.000000e-03,1.800000e+00,2.325319e-05,1.960327e-03
0,0.000,1.050000e-03,1.890000e+00,2.432661e-05,2.279140e-03
0,0.000,1.100000e-03,1.980000e+00,2.540992e-05,2.725625e-03
0,0.000,1.150000e-03,2.070000e+00,2.651116e-05,3.413662e-03
0,0.000,1.200000e-03,2.160000e+00,2.762293e-05,4.242093e-03
0,0.000,1.250000e-03,2.250000e+00,2.878030e-05,5.640703e-03
0,0.000,1.300000e-03,2.340000e+00,2.995602e-05,7.230232e-03
0,0.000,1.350000e-03,2.430000e+00,3.118320e-05,9.391737e-03
0,0.000,1.400000e-03,2.520000e+00,3.249346e-05,1.244902e-02
0,0.000,1.450000e-03,2.610000e+00,3.390440e-05,1.658387e-02
0,0.000,1.500000e-03,2.700000e+00,3.549356e-05,2.250183e-02
0,0.000,1.550000e-03,2.790000e+00,3.732942e-05,3.077831e-02
0,0.000,1.600000e-03,2.880000e+00,3.953289e-05,4.234605e-02
0,0.000,1.650000e-03,2.970000e+00,4.230665e-05,5.860991e-02
0,0.000,1.700000e-03,3.060000e+00,4.598038e-05,8.157472e-02
0,0.000,1.750000e-03,3.150000e+00,5.109975e-05,1.140289e-01
0,0.000,1.800000e-03,3.240000e+00,5.865107e-05,1.598428e-01
0,0.000,1.850000e-03,3.330000e+00,7.051990e-05,2.246151e-01
0,0.000,1.900000e-03,3.420000e+00,9.053059e-05,3.157300e-01
0,0.000,1.950000e-03,3.510000e+00,1.267826e-04,4.415519e-01
0,0.000,2.000000e-03,3.600000e+00,1.947868e-04,6.047355e-01
0,0.000,2.050000e-03,3.690000e+00,3.095678e-04,7.832998e-01
0,0.000,2.100000e-03,3.780000e+00,4.466001e-04,9.214781e-01
0,0.000,2.150000e-03,3.870000e+00,5.316455e-04,9.826013e-01
0,0.000,2.200000e-03,3.960000e+00,5.670136e-04,9.993289e-01
0,0.000,2.250000e-03,4.050000e+00,5.823841e-04,1.000987e+00
0,0.000,2.300000e-03,4.140000e+00,5.941504e-04,1.000218e+00
0,0.000,2.350000e-03,4.230000e+00,6.068277e-04,1.000083e+00
0,0.000,2.400000e-03,4.320000e+00,6.163018e-04,9.999887e-01
0,0.000,2.450000e-03,4.410000e+00,6.221224e-04,9.999396e-01
0,0.000,2.500000e-03,4.500000e+00,6.279429e-04,9.998905e-01
0,0.000,2.550000e-03,4.410000e+00,6.308621e-04,9.998523e-01
0,0.000,2.600000e-03,4.320000e+00,6.158819e-04,9.998820e-01
0,0.000,2.650000e-03,4.230000e+00,6.022527e-04,9.999358e-01
0,0.000,2.700000e-03,4.140000e+00,5.892894e-04,9.999876e-01
0,0.000,2.750000e-03,4.050000e+00,5.765116e-04,9.999982e-01
0,0.000,2.800000e-03,3.960000e+00,5.637332e-04,1.000009e+00
0,0.000,2.850000e-03,3.870000e+00,5.509339e-04,1.000016e+00
0,0.000,2.900000e-03,3.780000e+00,5.380927e-04,1.000015e+00
0,0.000,2.950000e-03,3.690000e+00,5.252509e-04,1.000014e+00
0,0.000,3.000000e-03,3.600000e+00,5.124092e-04,1.000014e+00
0,0.000,3.050000e-03,3.510000e+00,4.995683e-04,1.000013e+00
0,0.000,3.100000e-03,3.420000e+00,4.867261e-04,1.000013e+00
0,0.000,3.150000e-03,3.330000e+00,4.738721e-04,1.000012e+00
0,0.000,3.200000e-03,3.240000e+00,4.610079e-04,1.000012e+00
0,0.000,3.250000e-03,3.150000e+00,4.481435e-04,1.000012e+00
0,0.000,3.300000e-03,3.060000e+00,4.352797e-04,1.000012e+00
0,0.000,3.350000e-03,2.970000e+00,4.224155e-04,1.000011e+00
0,0.000,3.400000e-03,2.880000e+00,4.095512e-04,1.000011e+00
0,0.000,3.450000e-03,2.790000e+00,3.966870e-04,1.000011e+00
0,0.000,3.500000e-03,2.700000e+00,3.838230e-04,1.000011e+00
0,0.000,3.550000e-03,2.610000e+00,3.709586e-04,1.000011e+00
0,0.000,3.600000e-03,2.520000e+00,3.580942e-04,1.000011e+00
0,0.000,3.650000e-03,2.430000e+00,3.452294e-04,1.000010e+00
0,0.000,3.700000e-03,2.340000e+00,3.323655e-04,1.000010e+00
0,0.000,3.750000e-03,2.250000e+00,3.195001e-04,1.000010e+00
0,0.000,3.800000e-03,2.160000e+00,3.066353e-04,1.000010e+00
0,0.000,3.850000e-03,2.070000e+00,2.937699e-04,1.000010e+00
0,0.000,3.900000e-03,1.980000e+00,2.809047e-04,1.000010e+00
0,0.000,3.950000e-03,1.890000e+00,2.680395e-04,1.000010e+00
0,0.000,4.000000e-03,1.800000e+00,2.551740e-04,1.000010e+00
0,0.000,4.050000e-03,1.710000e+00,2.423086e-04,1.000010e+00
0,0.000,4.100000e-03,1.620000e+00,2.294437e-04,1.000010e+00
0,0.000,4.150000e-03,1.530000e+00,2.165783e-04,1.000010e+00
0,0.000,4.200000e-03,1.440000e+00,2.037127e-04,1.000010e+00
0,0.000,4.250000e-03,1.350000e+00,1.908479e-04,1.000010e+00
0,0.000,4.300000e-03,1.260000e+00,1.779825e-04,1.000010e+00
0,0.000,4.350000e-03,1.170000e+00,1.651173e-04,1.000009e+00
0,0.000,4.400000e-03,1.080000e+00,1.522518e-04,1.000009e+00
0,0.000,4.450000e-03,9.900000e-01,1.393867e-04,1.000009e+00
0,0.000,4.500000e-03,9.000000e-01,1.265214e-04,1.000009e+00
0,0.000,4.550000e-03,8.100000e-01,1.136560e-04,1.000009e+00
0,0.000,4.600000e-03,7.200000e-01,1.007908e-04,1.000009e+00
0,0.000,4.650000e-03,6.300000e-01,8.792570e-05,1.000009e+00
0,0.000,4.700000e-03,5.400000e-01,7.506036e-05,1.000009e+00
0,0.000,4.750000e-03,4.500000e-01,6.220719e-05,9.999852e-01
0,0.000,4.800000e-03,3.600000e-01,4.935466e-05,9.999598e-01
0,0.000,4.850000e-03,2.700000e-01,3.650226e-05,9.999343e-01
0,0.000,4.900000e-03,1.800000e-01,2.364973e-05,9.999089e-01
0,0.000,4.950000e-03,9.000000e-02,1.079747e-05,9.998834e-01
0,0.000,5.000000e-03,3.508355e-16,-2.055076e-06,9.998579e-01
0,0.000,5.050000e-03,-9.000000e-02,-1.490746e-05,9.998325e-01
0,0.000,5.100000e-03,-1.800000e-01,-2.775996e-05,9.998070e-01
0,0.000,5.150000e-03,-2.700000e-01,-4.061221e-05,9.997815e-01
0,0.000,5.200000e-03,-3.600000e-01,-5.346470e-05,9.997561e-01
0,0.000,5.250000e-03,-4.500000e-01,-6.631713e-05,9.997306e-01
0,0.000,5.300000e-03,-5.400000e-01,-7.916961e-05,9.997051e-01
0,0.000,5.350000e-03,-6.300000e-01,-9.202202e-05,9.996797e-01
0,0.000,5.400000e-03,-7.200000e-01,-1.048744e-04,9.996542e-01
0,0.000,5.450000e-03,-8.100000e-01,-1.177269e-04,9.996288e-01
0,0.000,5.500000e-03,-9.000000e-01,-1.305792e-04,9.996033e-01
0,0.000,5.550000e-03,-9.900000e-01,-1.434317e-04,9.995778e-01
0,0.000,5.600000e-03,-1.080000e+00,-1.562841e-04,9.995524e-01
0,0.000,5.650000e-03,-1.170000e+00,-1.691366e-04,9.995269e-01
0,0.000,5.700000e-03,-1.260000e+00,-1.819891e-04,9.995014e-01
0,0.000,5.750000e-03,-1.350000e+00,-1.947537e-04,9.993642e-01
0,0.000,5.800000e-03,-1.440000e+00,-2.075121e-04,9.992193e-01
0,0.000,5.850000e-03,-1.530000e+00,-2.202704e-04,9.990743e-01
0,0.000,5.900000e-03,-1.620000e+00,-2.330291e-04,9.989294e-01
0,0.000,5.950000e-03,-1.710000e+00,-2.457879e-04,9.987845e-01
0,0.000,6.000000e-03,-1.800000e+00,-2.579512e-04,9.979302e-01
0,0.000,6.050000e-03,-1.890000e+00,-2.700734e-04,9.970270e-01
0,0.000,6.100000e-03,-1.980000e+00,-2.821954e-04,9.961239e-01
0,0.000,6.150000e-03,-2.070000e+00,-2.943175e-04,9.952207e-01
0,0.000,6.200000e-03,-2.160000e+00,-3.064398e-04,9.943175e-01
0,0.000,6.250000e-03,-2.250000e+00,-3.176354e-04,9.924962e-01
0,0.000,6.300000e-03,-2.340000e+00,-3.283936e-04,9.902414e-01
0,0.000,6.350000e-03,-2.430000e+00,-3.390037e-04,9.878400e-01
0,0.000,6.400000e-03,-2.520000e+00,-3.468595e-04,9.827159e-01
0,0.000,6.450000e-03,-2.610000e+00,-3.547154e-04,9.775918e-01
0,0.000,6.500000e-03,-2.700000e+00,-3.580121e-04,9.679481e-01
0,0.000,6.550000e-03,-2.790000e+00,-3.592897e-04,9.563036e-01
0,0.000,6.600000e-03,-2.880000e+00,-3.559774e-04,9.396939e-01
0,0.000,6.650000e-03,-2.970000e+00,-3.435624e-04,9.132357e-01
0,0.000,6.700000e-03,-3.060000e+00,-3.311472e-04,8.867775e-01
0,0.000,6.750000e-03,-3.150000e+00,-3.029961e-04,8.383177e-01
0,0.000,6.800000e-03,-3.240000e+00,-2.719104e-04,7.837138e-01
0,0.000,6.850000e-03,-3.330000e+00,-2.308377e-04,7.072124e-01
0,0.000,6.900000e-03,-3.420000e+00,-1.839568e-04,6.047706e-01
0,0.000,6.950000e-03,-3.510000e+00,-1.360845e-04,4.708996e-01
0,0.000,7.000000e-03,-3.600000e+00,-9.399537e-05,3.115807e-01
0,0.000,7.050000e-03,-3.690000e+00,-6.578848e-05,1.553928e-01
0,0.000,7.100000e-03,-3.780000e+00,-5.196752e-05,4.841914e-02
0,0.000,7.150000e-03,-3.870000e+00,-4.820681e-05,7.694477e-03
0,0.000,7.200000e-03,-3.960000e+00,-4.842615e-05,4.120335e-04
0,0.000,7.250000e-03,-4.050000e+00,-4.943080e-05,6.044768e-06
0,0.000,7.300000e-03,-4.140000e+00,-5.047944e-05,1.526209e-08
0,0.000,7.350000e-03,-4.230000e+00,-5.153116e-05,3.195686e-12
0,0.000,7.400000e-03,-4.320000e+00,-5.258350e-05,5.550023e-17
0,0.000,7.450000e-03,-4.410000e+00,-5.363381e-05,5.542216e-17
0,0.000,7.500000e-03,-4.500000e+00,-5.419456e-05,5.535340e-17
0,0.000,7.550000e-03,-4.410000e+00,-4.972586e-05,5.528910e-17
0,0.000,7.600000e-03,-4.320000e+00,-4.832017e-05,5.523260e-17
0,0.000,7.650000e-03,-4.230000e+00,-4.721699e-05,5.517838e-17
0,0.000,7.700000e-03,-4.140000e+00,-4.616028e-05,5.512738e-17
0,0.000,7.750000e-03,-4.050000e+00,-4.512525e-05,5.507805e-17
0,0.000,7.800000e-03,-3.960000e+00,-4.409105e-05,5.502871e-17
0,0.000,7.850000e-03,-3.870000e+00,-4.305286e-05,5.498829e-17
0,0.000,7.900000e-03,-3.780000e+00,-4.200604e-05,5.496596e-17
0,0.000,7.950000e-03,-3.690000e+00,-4.095823e-05,5.494364e-17
0,0.000,8.000000e-03,-3.600000e+00,-3.991085e-05,5.492131e-17
0,0.000,8.050000e-03,-3.510000e+00,-3.886296e-05,5.489898e-17
0,0.000,8.100000e-03,-3.420000e+00,-3.781602e-05,5.487665e-17
0,0.000,8.150000e-03,-3.330000e+00,-3.676813e-05,5.485433e-17
0,0.000,8.200000e-03,-3.240000e+00,-3.571849e-05,5.484689e-17
0,0.000,8.250000e-03,-3.150000e+00,-3.466676e-05,5.484673e-17
0,0.000,8.300000e-03,-3.060000e+00,-3.361570e-05,5.484656e-17
0,0.000,8.350000e-03,-2.970000e+00,-3.256448e-05,5.484640e-17
0,0.000,8.400000e-03,-2.880000e+00,-3.151287e-05,5.484623e-17
0,0.000,8.450000e-03,-2.790000e+00,-3.046227e-05,5.484607e-17
0,0.000,8.500000e-03,-2.700000e+00,-2.941135e-05,5.484591e-17
0,0.000,8.550000e-03,-2.610000e+00,-2.835950e-05,5.484574e-17
0,0.000,8.600000e-03,-2.520000e+00,-2.730829e-05,5.484558e-17
0,0.000,8.650000e-03,-2.430000e+00,-2.625735e-05,5.484542e-17
0,0.000,8.700000e-03,-2.340000e+00,-2.520622e-05,5.484525e-17
0,0.000,8.750000e-03,-2.250000e+00,-2.415512e-05,5.484509e-17
0,0.000,8.800000e-03,-2.160000e+00,-2.310382e-05,5.484493e-17
0,0.000,8.850000e-03,-2.070000e+00,-2.205229e-05,5.484481e-17
0,0.000,8.900000e-03,-1.980000e+00,-2.100092e-05,5.484479e-17
0,0.000,8.950000e-03,-1.890000e+00,-1.995023e-05,5.484478e-17
0,0.000,9.000000e-03,-1.800000e+00,-1.889868e-05,5.484476e-17
0,0.000,9.050000e-03,-1.710000e+00,-1.784747e-05,5.484474e-17
0,0.000,9.100000e-03,-1.620000e+00,-1.679610e-05,5.484472e-17
0,0.000,9.150000e-03,-1.530000e+00,-1.574520e-05,5.484470e-17
0,0.000,9.200000e-03,-1.440000e+00,-1.469426e-05,5.484468e-17
0,0.000,9.250000e-03,-1.350000e+00,-1.364284e-05,5.484466e-17
0,0.000,9.300000e-03,-1.260000e+00,-1.259181e-05,5.484464e-17
0,0.000,9.350000e-03,-1.170000e+00,-1.154032e-05,5.484462e-17
0,0.000,9.400000e-03,-1.080000e+00,-1.048952e-05,5.484461e-17
0,0.000,9.450000e-03,-9.900000e-01,-9.438163e-06,5.484459e-17
0,0.000,9.500000e-03,-9.000000e-01,-8.386811e-06,5.484457e-17
0,0.000,9.550000e-03,-8.100000e-01,-7.335544e-06,5.484455e-17
0,0.000,9.600000e-03,-7.200000e-01,-6.284479e-06,5.484453e-17
0,0.000,9.650000e-03,-6.300000e-01,-5.233329e-06,5.484451e-17
0,0.000,9.700000e-03,-5.400000e-01,-4.182095e-06,5.484449e-17
0,0.000,9.750000e-03,-4.500000e-01,-3.130993e-06,5.484447e-17
0,0.000,9.800000e-03,-3.600000e-01,-2.079789e-06,5.484446e-17
0,0.000,9.850000e-03,-2.700000e-01,-1.028575e-06,5.369056e-17
0,0.000,9.900000e-03,-1.800000e-01,2.261357e-08,4.874616e-17
0,0.000,9.950000e-03,-9.000000e-02,1.073808e-06,-7.647718e-14
0,0.000,1.000000e-02,-7.016709e-16,2.125005e-06,-7.124903e-10
1,-1.100,0.000000e+00,0.000000e+00,0.000000e+00,9.999411e-04
1,-1.100,5.000000e-05,9.000000e-02,3.170717e-06,8.671634e-04
1,-1.100,1.000000e-04,1.800000e-01,4.227334e-06,7.593008e-04
1,-1.100,1.500000e-04,2.700000e-01,5.278547e-06,6.624080e-04
1,-1.100,2.000000e-04,3.600000e-01,6.329766e-06,5.828568e-04
1,-1.100,2.500000e-04,4.500000e-01,7.381000e-06,5.112829e-04
1,-1.100,3.000000e-04,5.400000e-01,8.432062e-06,4.467853e-04
1,-1.100,3.500000e-04,6.300000e-01,9.483207e-06,3.902468e-04
1,-1.100,4.000000e-04,7.200000e-01,1.053440e-05,3.400477e-04
1,-1.100,4.500000e-04,8.100000e-01,1.158566e-05,2.962727e-04
1,-1.100,5.000000e-04,9.000000e-01,1.263679e-05,2.602228e-04
1,-1.100,5.500000e-04,9.900000e-01,1.368816e-05,2.312242e-04
1,-1.100,6.000000e-04,1.080000e+00,1.473923e-05,2.094803e-04
1,-1.100,6.500000e-04,1.170000e+00,1.579040e-05,1.972369e-04
1,-1.100,7.000000e-04,1.260000e+00,1.684165e-05,1.933135e-04
1,-1.100,7.500000e-04,1.350000e+00,1.789288e-05,1.977099e-04
1,-1.100,8.000000e-04,1.440000e+00,1.894419e-05,2.146520e-04
1,-1.100,8.500000e-04,1.530000e+00,1.999495e-05,2.500337e-04
1,-1.100,9.000000e-04,1.620000e+00,2.104657e-05,2.989530e-04
1,-1.100,9.500000e-04,1.710000e+00,2.209744e-05,3.889928e-04
1,-1.100,1.000000e-03,1.800000e+00,2.314866e-05,5.125174e-04
1,-1.100,1.050000e-03,1.890000e+00,2.419986e-05,6.808230e-04
1,-1.100,1.100000e-03,1.980000e+00,2.525176e-05,9.156898e-04
1,-1.100,1.150000e-03,2.070000e+00,2.630204e-05,1.264554e-03
1,-1.100,1.200000e-03,2.160000e+00,2.735290e-05,1.754551e-03
1,-1.100,1.250000e-03,2.250000e+00,2.840397e-05,2.445230e-03
1,-1.100,1.300000e-03,2.340000e+00,2.945420e-05,3.422638e-03
1,-1.100,1.350000e-03,2.430000e+00,3.050441e-05,4.808532e-03
1,-1.100,1.400000e-03,2.520000e+00,3.155454e-05,6.772630e-03
1,-1.100,1.450000e-03,2.610000e+00,3.260393e-05,9.552286e-03
1,-1.100,1.500000e-03,2.700000e+00,3.365278e-05,1.349355e-02
1,-1.100,1.550000e-03,2.790000e+00,3.469905e-05,1.907727e-02
1,-1.100,1.600000e-03,2.880000e+00,3.574551e-05,2.698348e-02
1,-1.100,1.650000e-03,2.970000e+00,3.678873e-05,3.817262e-02
1,-1.100,1.700000e-03,3.060000e+00,3.782715e-05,5.402159e-02
1,-1.100,1.750000e-03,3.150000e+00,3.886198e-05,7.654035e-02
1,-1.100,1.800000e-03,3.240000e+00,3.988782e-05,1.084436e-01
1,-1.100,1.850000e-03,3.330000e+00,4.090272e-05,1.536154e-01
1,-1.100,1.900000e-03,3.420000e+00,4.190063e-05,2.174671e-01
1,-1.100,1.950000e-03,3.510000e+00,4.287716e-05,3.072030e-01
1,-1.100,2.000000e-03,3.600000e+00,4.382005e-05,4.307195e-01
1,-1.100,2.050000e-03,3.690000e+00,4.473126e-05,5.893917e-01
1,-1.100,2.100000e-03,3.780000e+00,4.562533e-05,7.590078e-01
1,-1.100,2.150000e-03,3.870000e+00,4.655246e-05,8.836116e-01
1,-1.100,2.200000e-03,3.960000e+00,4.753183e-05,9.447902e-01
1,-1.100,2.250000e-03,4.050000e+00,4.854232e-05,9.681478e-01
1,-1.100,2.300000e-03,4.140000e+00,4.956531e-05,9.774906e-01
1,-1.100,2.350000e-03,4.230000e+00,5.059171e-05,9.837785e-01
1,-1.100,2.400000e-03,4.320000e+00,5.161801e-05,9.885247e-01
1,-1.100,2.450000e-03,4.410000e+00,5.264614e-05,9.918952e-01
1,-1.100,2.500000e-03,4.500000e+00,5.337173e-05,9.944032e-01
1,-1.100,2.550000e-03,4.410000e+00,4.900311e-05,9.937460e-01
1,-1.100,2.600000e-03,4.320000e+00,4.739528e-05,9.896638e-01
1,-1.100,2.650000e-03,4.230000e+00,4.634319e-05,9.843575e-01
1,-1.100,2.700000e-03,4.140000e+00,4.531469e-05,9.789707e-01
1,-1.100,2.750000e-03,4.050000e+00,4.429208e-05,9.686889e-01
1,-1.100,2.800000e-03,3.960000e+00,4.326984e-05,9.580982e-01
1,-1.100,2.850000e-03,3.870000e+00,4.225348e-05,9.402399e-01
1,-1.100,2.900000e-03,3.780000e+00,4.123919e-05,9.196574e-01
1,-1.100,2.950000e-03,3.690000e+00,4.022872e-05,8.920414e-01
1,-1.100,3.000000e-03,3.600000e+00,3.922406e-05,8.577767e-01
1,-1.100,3.050000e-03,3.510000e+00,3.822204e-05,8.172430e-01
1,-1.100,3.100000e-03,3.420000e+00,3.722328e-05,7.709709e-01
1,-1.100,3.150000e-03,3.330000e+00,3.622753e-05,7.180989e-01
1,-1.100,3.200000e-03,3.240000e+00,3.523076e-05,6.629960e-01
1,-1.100,3.250000e-03,3.150000e+00,3.423431e-05,6.058729e-01
1,-1.100,3.300000e-03,3.060000e+00,3.323366e-05,5.496325e-01
1,-1.100,3.350000e-03,2.970000e+00,3.223055e-05,4.949809e-01
1,-1.100,3.400000e-03,2.880000e+00,3.122384e-05,4.428052e-01
1,-1.100,3.450000e-03,2.790000e+00,3.021125e-05,3.954549e-01
1,-1.100,3.500000e-03,2.700000e+00,2.919489e-05,3.511064e-01
1,-1.100,3.550000e-03,2.610000e+00,2.817489e-05,3.104042e-01
1,-1.100,3.600000e-03,2.520000e+00,2.715093e-05,2.730706e-01
1,-1.100,3.650000e-03,2.430000e+00,2.612502e-05,2.390685e-01
1,-1.100,3.700000e-03,2.340000e+00,2.509524e-05,2.081867e-01
1,-1.100,3.750000e-03,2.250000e+00,2.406242e-05,1.807100e-01
1,-1.100,3.800000e-03,2.160000e+00,2.302733e-05,1.565287e-01
1,-1.100,3.850000e-03,2.070000e+00,2.198867e-05,1.354167e-01
1,-1.100,3.900000e-03,1.980000e+00,2.094903e-05,1.165738e-01
1,-1.100,3.950000e-03,1.890000e+00,1.990656e-05,1.004247e-01
1,-1.100,4.000000e-03,1.800000e+00,1.886349e-05,8.635385e-02
1,-1.100,4.050000e-03,1.710000e+00,1.781910e-05,7.397535e-02
1,-1.100,4.100000e-03,1.620000e+00,1.677365e-05,6.361811e-02
1,-1.100,4.150000e-03,1.530000e+00,1.572701e-05,5.446029e-02
1,-1.100,4.200000e-03,1.440000e+00,1.467892e-05,4.672439e-02
1,-1.100,4.250000e-03,1.350000e+00,1.363065e-05,4.011142e-02
1,-1.100,4.300000e-03,1.260000e+00,1.258203e-05,3.440584e-02
1,-1.100,4.350000e-03,1.170000e+00,1.153260e-05,2.955954e-02
1,-1.100,4.400000e-03,1.080000e+00,1.048290e-05,2.538872e-02
1,-1.100,4.450000e-03,9.900000e-01,9.433169e-06,2.180666e-02
1,-1.100,4.500000e-03,9.000000e-01,8.383120e-06,1.874568e-02
1,-1.100,4.550000e-03,8.100000e-01,7.332960e-06,1.608845e-02
1,-1.100,4.600000e-03,7.200000e-01,6.282328e-06,1.384048e-02
1,-1.100,4.650000e-03,6.300000e-01,5.231656e-06,1.187042e-02
1,-1.100,4.700000e-03,5.400000e-01,4.181085e-06,1.020924e-02
1,-1.100,4.750000e-03,4.500000e-01,3.130253e-06,8.758363e-03
1,-1.100,4.800000e-03,3.600000e-01,2.079200e-06,7.530072e-03
1,-1.100,4.850000e-03,2.700000e-01,1.028201e-06,6.462313e-03
1,-1.100,4.900000e-03,1.800000e-01,-2.281565e-08,5.553565e-03
1,-1.100,4.950000e-03,9.000000e-02,-1.073899e-06,4.768369e-03
1,-1.100,5.000000e-03,3.508355e-16,-2.125031e-06,4.095599e-03
1,-1.100,5.050000e-03,-9.000000e-02,-3.176152e-06,3.518726e-03
1,-1.100,5.100000e-03,-1.800000e-01,-4.227313e-06,3.020351e-03
1,-1.100,5.150000e-03,-2.700000e-01,-5.278492e-06,2.596945e-03
1,-1.100,5.200000e-03,-3.600000e-01,-6.329692e-06,2.227481e-03
1,-1.100,5.250000e-03,-4.500000e-01,-7.380746e-06,1.915639e-03
1,-1.100,5.300000e-03,-5.400000e-01,-8.431946e-06,1.642860e-03
1,-1.100,5.350000e-03,-6.300000e-01,-9.483134e-06,1.412494e-03
1,-1.100,5.400000e-03,-7.200000e-01,-1.053428e-05,1.211787e-03
1,-1.100,5.450000e-03,-8.100000e-01,-1.158546e-05,1.041494e-03
1,-1.100,5.500000e-03,-9.000000e-01,-1.263681e-05,8.939175e-04
1,-1.100,5.550000e-03,-9.900000e-01,-1.368803e-05,7.679367e-04
1,-1.100,5.600000e-03,-1.080000e+00,-1.473917e-05,6.595022e-04
1,-1.100,5.650000e-03,-1.170000e+00,-1.579046e-05,5.662249e-04
1,-1.100,5.700000e-03,-1.260000e+00,-1.684164e-05,4.866056e-04
1,-1.100,5.750000e-03,-1.350000e+00,-1.789253e-05,4.174761e-04
1,-1.100,5.800000e-03,-1.440000e+00,-1.894414e-05,3.590013e-04
1,-1.100,5.850000e-03,-1.530000e+00,-1.999520e-05,3.077621e-04
1,-1.100,5.900000e-03,-1.620000e+00,-2.104686e-05,2.645524e-04
1,-1.100,5.950000e-03,-1.710000e+00,-2.209775e-05,2.268064e-04
1,-1.100,6.000000e-03,-1.800000e+00,-2.314867e-05,1.948354e-04
1,-1.100,6.050000e-03,-1.890000e+00,-2.420015e-05,1.670229e-04
1,-1.100,6.100000e-03,-1.980000e+00,-2.525102e-05,1.433202e-04
1,-1.100,6.150000e-03,-2.070000e+00,-2.630268e-05,1.228049e-04
1,-1.100,6.200000e-03,-2.160000e+00,-2.735417e-05,1.051744e-04
1,-1.100,6.250000e-03,-2.250000e+00,-2.840493e-05,9.000013e-05
1,-1.100,6.300000e-03,-2.340000e+00,-2.945580e-05,7.681190e-05
1,-1.100,6.350000e-03,-2.430000e+00,-3.050652e-05,6.552232e-05
1,-1.100,6.400000e-03,-2.520000e+00,-3.155886e-05,5.556052e-05
1,-1.100,6.450000e-03,-2.610000e+00,-3.260960e-05,4.702869e-05
1,-1.100,6.500000e-03,-2.700000e+00,-3.366101e-05,3.942344e-05
1,-1.100,6.550000e-03,-2.790000e+00,-3.471207e-05,3.283546e-05
1,-1.100,6.600000e-03,-2.880000e+00,-3.576316e-05,2.692608e-05
1,-1.100,6.650000e-03,-2.970000e+00,-3.681448e-05,2.172718e-05
1,-1.100,6.700000e-03,-3.060000e+00,-3.786528e-05,1.706083e-05
1,-1.100,6.750000e-03,-3.150000e+00,-3.891649e-05,1.294765e-05
1,-1.100,6.800000e-03,-3.240000e+00,-3.996777e-05,9.339139e-06
1,-1.100,6.850000e-03,-3.330000e+00,-4.101918e-05,6.298586e-06
1,-1.100,6.900000e-03,-3.420000e+00,-4.207000e-05,3.839173e-06
1,-1.100,6.950000e-03,-3.510000e+00,-4.312139e-05,2.026810e-06
1,-1.100,7.000000e-03,-3.600000e+00,-4.417242e-05,8.561759e-07
1,-1.100,7.050000e-03,-3.690000e+00,-4.522377e-05,2.536808e-07
1,-1.100,7.100000e-03,-3.780000e+00,-4.627548e-05,4.973113e-08
1,-1.100,7.150000e-03,-3.870000e+00,-4.732700e-05,5.161967e-09
1,-1.100,7.200000e-03,-3.960000e+00,-4.837751e-05,2.248848e-10
1,-1.100,7.250000e-03,-4.050000e+00,-4.942776e-05,2.820510e-12
1,-1.100,7.300000e-03,-4.140000e+00,-5.048041e-05,6.047604e-15
1,-1.100,7.350000e-03,-4.230000e+00,-5.153194e-05,5.197596e-17
1,-1.100,7.400000e-03,-4.320000e+00,-5.258249e-05,4.440606e-17
1,-1.100,7.450000e-03,-4.410000e+00,-5.363456e-05,3.706796e-17
1,-1.100,7.500000e-03,-4.500000e+00,-5.304316e-05,2.981403e-17
1,-1.100,7.550000e-03,-4.410000e+00,-5.076258e-05,2.273948e-17
1,-1.100,7.600000e-03,-4.320000e+00,-4.836035e-05,1.601405e-17
1,-1.100,7.650000e-03,-4.230000e+00,-4.728333e-05,1.018224e-17
1,-1.100,7.700000e-03,-4.140000e+00,-4.622975e-05,6.286646e-18
1,-1.100,7.750000e-03,-4.050000e+00,-4.517974e-05,4.341276e-18
1,-1.100,7.800000e-03,-3.960000e+00,-4.412770e-05,3.559382e-18
1,-1.100,7.850000e-03,-3.870000e+00,-4.307662e-05,3.030442e-18
1,-1.100,7.900000e-03,-3.780000e+00,-4.202514e-05,2.587591e-18
1,-1.100,7.950000e-03,-3.690000e+00,-4.097372e-05,2.224135e-18
1,-1.100,8.000000e-03,-3.600000e+00,-3.992248e-05,1.914987e-18
1,-1.100,8.050000e-03,-3.510000e+00,-3.887154e-05,1.655104e-18
1,-1.100,8.100000e-03,-3.420000e+00,-3.781998e-05,1.427496e-18
1,-1.100,8.150000e-03,-3.330000e+00,-3.676873e-05,1.232945e-18
1,-1.100,8.200000e-03,-3.240000e+00,-3.571773e-05,1.063008e-18
1,-1.100,8.250000e-03,-3.150000e+00,-3.466750e-05,9.160896e-19
1,-1.100,8.300000e-03,-3.060000e+00,-3.361608e-05,7.891419e-19
1,-1.100,8.350000e-03,-2.970000e+00,-3.256450e-05,6.759603e-19
1,-1.100,8.400000e-03,-2.880000e+00,-3.151278e-05,5.762675e-19
1,-1.100,8.450000e-03,-2.790000e+00,-3.046135e-05,4.910533e-19
1,-1.100,8.500000e-03,-2.700000e+00,-2.941062e-05,4.187874e-19
1,-1.100,8.550000e-03,-2.610000e+00,-2.835932e-05,3.529664e-19
1,-1.100,8.600000e-03,-2.520000e+00,-2.730782e-05,2.978307e-19
1,-1.100,8.650000e-03,-2.430000e+00,-2.625755e-05,2.533803e-19
1,-1.100,8.700000e-03,-2.340000e+00,-2.520610e-05,2.145339e-19
1,-1.100,8.750000e-03,-2.250000e+00,-2.415582e-05,1.795736e-19
1,-1.100,8.800000e-03,-2.160000e+00,-2.310430e-05,1.512017e-19
1,-1.100,8.850000e-03,-2.070000e+00,-2.205318e-05,1.294182e-19
1,-1.100,8.900000e-03,-1.980000e+00,-2.100194e-05,1.079425e-19
1,-1.100,8.950000e-03,-1.890000e+00,-1.995062e-05,9.006265e-20
1,-1.100,9.000000e-03,-1.800000e+00,-1.889947e-05,7.594264e-20
1,-1.100,9.050000e-03,-1.710000e+00,-1.784771e-05,6.444726e-20
1,-1.100,9.100000e-03,-1.620000e+00,-1.679667e-05,5.345603e-20
1,-1.100,9.150000e-03,-1.530000e+00,-1.574542e-05,4.457204e-20
1,-1.100,9.200000e-03,-1.440000e+00,-1.469405e-05,3.779530e-20
1,-1.100,9.250000e-03,-1.350000e+00,-1.364305e-05,3.108836e-20
1,-1.100,9.300000e-03,-1.260000e+00,-1.259192e-05,2.459967e-20
1,-1.100,9.350000e-03,-1.170000e+00,-1.154034e-05,1.892474e-20
1,-1.100,9.400000e-03,-1.080000e+00,-1.048934e-05,1.406356e-20
1,-1.100,9.450000e-03,-9.900000e-01,-9.438152e-06,1.001615e-20
1,-1.100,9.500000e-03,-9.000000e-01,-8.386924e-06,6.782489e-21
1,-1.100,9.550000e-03,-8.100000e-01,-7.335884e-06,4.362589e-21
1,-1.100,9.600000e-03,-7.200000e-01,-6.284634e-06,3.236871e-21
1,-1.100,9.650000e-03,-6.300000e-01,-5.233409e-06,2.838299e-21
1,-1.100,9.700000e-03,-5.400000e-01,-4.182145e-06,2.502313e-21
1,-1.100,9.750000e-03,-4.500000e-01,-3.131006e-06,2.196977e-21
1,-1.100,9.800000e-03,-3.600000e-01,-2.079777e-06,1.891642e-21
1,-1.100,9.850000e-03,-2.700000e-01,-1.028617e-06,1.056593e-21
1,-1.100,9.900000e-03,-1.800000e-01,2.258309e-08,-1.290738e-18
1,-1.100,9.950000e-03,-9.000000e-02,1.073800e-06,-7.580758e-14
1,-1.100,1.000000e-02,-7.016709e-16,2.125005e-06,-7.010697e-10
2,0.000,0.000000e+00,0.000000e+00,0.000000e+00,1.000000e-03
2,0.000,5.000000e-05,9.000000e-02,3.172035e-06,1.000096e-03
2,0.000,1.000000e-04,1.800000e-01,4.230317e-06,1.000416e-03
2,0.000,1.500000e-04,2.700000e-01,5.287068e-06,1.000881e-03
2,0.000,2.000000e-04,3.600000e-01,6.341119e-06,1.002259e-03
2,0.000,2.500000e-04,4.500000e-01,7.395156e-06,1.003637e-03
2,0.000,3.000000e-04,5.400000e-01,8.449234e-06,1.005564e-03
2,0.000,3.500000e-04,6.300000e-01,9.503282e-06,1.017507e-03
2,0.000,4.000000e-04,7.200000e-01,1.055729e-05,1.029449e-03
2,0.000,4.500000e-04,8.100000e-01,1.161157e-05,1.041391e-03
2,0.000,5.000000e-04,9.000000e-01,1.266559e-05,1.053333e-03
2,0.000,5.500000e-04,9.900000e-01,1.371980e-05,1.065276e-03
2,0.000,6.000000e-04,1.080000e+00,1.477415e-05,1.080525e-03
2,0.000,6.500000e-04,1.170000e+00,1.582977e-05,1.124262e-03
2,0.000,7.000000e-04,1.260000e+00,1.688563e-05,1.167999e-03
2,0.000,7.500000e-04,1.350000e+00,1.794140e-05,1.211735e-03
2,0.000,8.000000e-04,1.440000e+00,1.899873e-05,1.287871e-03
2,0.000,8.500000e-04,1.530000e+00,2.005984e-05,1.417784e-03
2,0.000,9.000000e-04,1.620000e+00,2.112064e-05,1.547696e-03
2,0.000,9.500000e-04,1.710000e+00,2.218385e-05,1.708059e-03
2,0.000,1.000000e-03,1.800000e+00,2.325302e-05,1.960327e-03
2,0.000,1.050000e-03,1.890000e+00,2.432718e-05,2.279140e-03
2,0.000,1.100000e-03,1.980000e+00,2.541024e-05,2.725625e-03
2,0.000,1.150000e-03,2.070000e+00,2.651167e-05,3.413662e-03
2,0.000,1.200000e-03,2.160000e+00,2.762398e-05,4.242093e-03
2,0.000,1.250000e-03,2.250000e+00,2.878128e-05,5.640703e-03
2,0.000,1.300000e-03,2.340000e+00,2.995588e-05,7.230232e-03
2,0.000,1.350000e-03,2.430000e+00,3.118319e-05,9.391737e-03
2,0.000,1.400000e-03,2.520000e+00,3.249308e-05,1.244902e-02
2,0.000,1.450000e-03,2.610000e+00,3.390320e-05,1.658387e-02
2,0.000,1.500000e-03,2.700000e+00,3.549178e-05,2.250183e-02
2,0.000,1.550000e-03,2.790000e+00,3.732837e-05,3.077831e-02
2,0.000,1.600000e-03,2.880000e+00,3.953269e-05,4.234605e-02
2,0.000,1.650000e-03,2.970000e+00,4.230655e-05,5.860991e-02
2,0.000,1.700000e-03,3.060000e+00,4.598071e-05,8.157472e-02
2,0.000,1.750000e-03,3.150000e+00,5.109977e-05,1.140289e-01
2,0.000,1.800000e-03,3.240000e+00,5.865171e-05,1.598428e-01
2,0.000,1.850000e-03,3.330000e+00,7.051957e-05,2.246151e-01
2,0.000,1.900000e-03,3.420000e+00,9.052971e-05,3.157300e-01
2,0.000,1.950000e-03,3.510000e+00,1.267818e-04,4.415519e-01
2,0.000,2.000000e-03,3.600000e+00,1.947871e-04,6.047355e-01
2,0.000,2.050000e-03,3.690000e+00,3.095671e-04,7.832998e-01
2,0.000,2.100000e-03,3.780000e+00,4.465997e-04,9.214781e-01
2,0.000,2.150000e-03,3.870000e+00,5.316446e-04,9.826013e-01
2,0.000,2.200000e-03,3.960000e+00,5.670143e-04,9.993289e-01
2,0.000,2.250000e-03,4.050000e+00,5.823832e-04,1.000987e+00
2,0.000,2.300000e-03,4.140000e+00,5.941520e-04,1.000218e+00
2,0.000,2.350000e-03,4.230000e+00,6.068282e-04,1.000083e+00
2,0.000,2.400000e-03,4.320000e+00,6.163002e-04,9.999887e-01
2,0.000,2.450000e-03,4.410000e+00,6.221217e-04,9.999396e-01
2,0.000,2.500000e-03,4.500000e+00,6.279419e-04,9.998905e-01
2,0.000,2.550000e-03,4.410000e+00,6.308616e-04,9.998523e-01
2,0.000,2.600000e-03,4.320000e+00,6.158822e-04,9.998820e-01
2,0.000,2.650000e-03,4.230000e+00,6.022516e-04,9.999358e-01
2,0.000,2.700000e-03,4.140000e+00,5.892879e-04,9.999876e-01
2,0.000,2.750000e-03,4.050000e+00,5.765093e-04,9.999982e-01
2,0.000,2.800000e-03,3.960000e+00,5.637323e-04,1.000009e+00
2,0.000,2.850000e-03,3.870000e+00,5.509328e-04,1.000016e+00
2,0.000,2.900000e-03,3.780000e+00,5.380919e-04,1.000015e+00
2,0.000,2.950000e-03,3.690000e+00,5.252506e-04,1.000014e+00
2,0.000,3.000000e-03,3.600000e+00,5.124091e-04,1.000014e+00
2,0.000,3.050000e-03,3.510000e+00,4.995676e-04,1.000013e+00
2,0.000,3.100000e-03,3.420000e+00,4.867260e-04,1.000013e+00
2,0.000,3.150000e-03,3.330000e+00,4.738727e-04,1.000012e+00
2,0.000,3.200000e-03,3.240000e+00,4.610082e-04,1.000012e+00
2,0.000,3.250000e-03,3.150000e+00,4.481444e-04,1.000012e+00
2,0.000,3.300000e-03,3.060000e+00,4.352797e-04,1.000012e+00
2,0.000,3.350000e-03,2.970000e+00,4.224157e-04,1.000011e+00
2,0.000,3.400000e-03,2.880000e+00,4.095516e-04,1.000011e+00
2,0.000,3.450000e-03,2.790000e+00,3.966873e-04,1.000011e+00
2,0.000,3.500000e-03,2.700000e+00,3.838228e-04,1.000011e+00
2,0.000,3.550000e-03,2.610000e+00,3.709591e-04,1.000011e+00
2,0.000,3.600000e-03,2.520000e+00,3.580946e-04,1.000011e+00
2,0.000,3.650000e-03,2.430000e+00,3.452303e-04,1.000010e+00
2,0.000,3.700000e-03,2.340000e+00,3.323657e-04,1.000010e+00
2,0.000,3.750000e-03,2.250000e+00,3.195009e-04,1.000010e+00
2,0.000,3.800000e-03,2.160000e+00,3.066357e-04,1.000010e+00
2,0.000,3.850000e-03,2.070000e+00,2.937708e-04,1.000010e+00
2,0.000,3.900000e-03,1.980000e+00,2.809054e-04,1.000010e+00
2,0.000,3.950000e-03,1.890000e+00,2.680398e-04,1.000010e+00
2,0.000,4.000000e-03,1.800000e+00,2.551746e-04,1.000010e+00
2,0.000,4.050000e-03,1.710000e+00,2.423091e-04,1.000010e+00
2,0.000,4.100000e-03,1.620000e+00,2.294440e-04,1.000010e+00
2,0.000,4.150000e-03,1.530000e+00,2.165788e-04,1.000010e+00
2,0.000,4.200000e-03,1.440000e+00,2.037129e-04,1.000010e+00
2,0.000,4.250000e-03,1.350000e+00,1.908481e-04,1.000010e+00
2,0.000,4.300000e-03,1.260000e+00,1.779825e-04,1.000010e+00
2,0.000,4.350000e-03,1.170000e+00,1.651172e-04,1.000009e+00
2,0.000,4.400000e-03,1.080000e+00,1.522522e-04,1.000009e+00
2,0.000,4.450000e-03,9.900000e-01,1.393869e-04,1.000009e+00
2,0.000,4.500000e-03,9.000000e-01,1.265216e-04,1.000009e+00
2,0.000,4.550000e-03,8.100000e-01,1.136562e-04,1.000009e+00
2,0.000,4.600000e-03,7.200000e-01,1.007909e-04,1.000009e+00
2,0.000,4.650000e-03,6.300000e-01,8.792569e-05,1.000009e+00
2,0.000,4.700000e-03,5.400000e-01,7.506043e-05,1.000009e+00
2,0.000,4.750000e-03,4.500000e-01,6.220729e-05,9.999852e-01
2,0.000,4.800000e-03,3.600000e-01,4.935493e-05,9.999598e-01
2,0.000,4.850000e-03,2.700000e-01,3.650229e-05,9.999343e-01
2,0.000,4.900000e-03,1.800000e-01,2.364981e-05,9.999089e-01
2,0.000,4.950000e-03,9.000000e-02,1.079749e-05,9.998834e-01
2,0.000,5.000000e-03,3.508355e-16,-2.054816e-06,9.998579e-01
2,0.000,5.050000e-03,-9.000000e-02,-1.490724e-05,9.998325e-01
2,0.000,5.100000e-03,-1.800000e-01,-2.775973e-05,9.998070e-01
2,0.000,5.150000e-03,-2.700000e-01,-4.061205e-05,9.997815e-01
2,0.000,5.200000e-03,-3.600000e-01,-5.346446e-05,9.997561e-01
2,0.000,5.250000e-03,-4.500000e-01,-6.631686e-05,9.997306e-01
2,0.000,5.300000e-03,-5.400000e-01,-7.916925e-05,9.997051e-01
2,0.000,5.350000e-03,-6.300000e-01,-9.202175e-05,9.996797e-01
2,0.000,5.400000e-03,-7.200000e-01,-1.048741e-04,9.996542e-01
2,0.000,5.450000e-03,-8.100000e-01,-1.177266e-04,9.996288e-01
2,0.000,5.500000e-03,-9.000000e-01,-1.305790e-04,9.996033e-01
2,0.000,5.550000e-03,-9.900000e-01,-1.434315e-04,9.995778e-01
2,0.000,5.600000e-03,-1.080000e+00,-1.562839e-04,9.995524e-01
2,0.000,5.650000e-03,-1.170000e+00,-1.691363e-04,9.995269e-01
2,0.000,5.700000e-03,-1.260000e+00,-1.819885e-04,9.995014e-01
2,0.000,5.750000e-03,-1.350000e+00,-1.947538e-04,9.993642e-01
2,0.000,5.800000e-03,-1.440000e+00,-2.075122e-04,9.992193e-01
2,0.000,5.850000e-03,-1.530000e+00,-2.202711e-04,9.990743e-01
2,0.000,5.900000e-03,-1.620000e+00,-2.330298e-04,9.989294e-01
2,0.000,5.950000e-03,-1.710000e+00,-2.457880e-04,9.987845e-01
2,0.000,6.000000e-03,-1.800000e+00,-2.579514e-04,9.979302e-01
2,0.000,6.050000e-03,-1.890000e+00,-2.700733e-04,9.970270e-01
2,0.000,6.100000e-03,-1.980000e+00,-2.821950e-04,9.961239e-01
2,0.000,6.150000e-03,-2.070000e+00,-2.943173e-04,9.952207e-01
2,0.000,6.200000e-03,-2.160000e+00,-3.064391e-04,9.943175e-01
2,0.000,6.250000e-03,-2.250000e+00,-3.176354e-04,9.924962e-01
2,0.000,6.300000e-03,-2.340000e+00,-3.283934e-04,9.902414e-01
2,0.000,6.350000e-03,-2.430000e+00,-3.390043e-04,9.878400e-01
2,0.000,6.400000e-03,-2.520000e+00,-3.468595e-04,9.827159e-01
2,0.000,6.450000e-03,-2.610000e+00,-3.547159e-04,9.775918e-01
2,0.000,6.500000e-03,-2.700000e+00,-3.580116e-04,9.679481e-01
2,0.000,6.550000e-03,-2.790000e+00,-3.592893e-04,9.563036e-01
2,0.000,6.600000e-03,-2.880000e+00,-3.559782e-04,9.396939e-01
2,0.000,6.650000e-03,-2.970000e+00,-3.435629e-04,9.132357e-01
2,0.000,6.700000e-03,-3.060000e+00,-3.311483e-04,8.867775e-01
2,0.000,6.750000e-03,-3.150000e+00,-3.029968e-04,8.383177e-01
2,0.000,6.800000e-03,-3.240000e+00,-2.719105e-04,7.837138e-01
2,0.000,6.850000e-03,-3.330000e+00,-2.308372e-04,7.072124e-01
2,0.000,6.900000e-03,-3.420000e+00,-1.839564e-04,6.047706e-01
2,0.000,6.950000e-03,-3.510000e+00,-1.360849e-04,4.708996e-01
2,0.000,7.000000e-03,-3.600000e+00,-9.399468e-05,3.115807e-01
2,0.000,7.050000e-03,-3.690000e+00,-6.578871e-05,1.553928e-01
2,0.000,7.100000e-03,-3.780000e+00,-5.196752e-05,4.841914e-02
2,0.000,7.150000e-03,-3.870000e+00,-4.820647e-05,7.694477e-03
2,0.000,7.200000e-03,-3.960000e+00,-4.842566e-05,4.120335e-04
2,0.000,7.250000e-03,-4.050000e+00,-4.942885e-05,6.044768e-06
2,0.000,7.300000e-03,-4.140000e+00,-5.048016e-05,1.526209e-08
2,0.000,7.350000e-03,-4.230000e+00,-5.153173e-05,3.193845e-12
2,0.000,7.400000e-03,-4.320000e+00,-5.258179e-05,5.529605e-17
2,0.000,7.450000e-03,-4.410000e+00,-5.363430e-05,5.523250e-17
2,0.000,7.500000e-03,-4.500000e+00,-5.379739e-05,5.517730e-17
2,0.000,7.550000e-03,-4.410000e+00,-4.994795e-05,5.512596e-17
2,0.000,7.600000e-03,-4.320000e+00,-4.830096e-05,5.508025e-17
2,0.000,7.650000e-03,-4.230000e+00,-4.715157e-05,5.503613e-17
2,0.000,7.700000e-03,-4.140000e+00,-4.609842e-05,5.499488e-17
2,0.000,7.750000e-03,-4.050000e+00,-4.507970e-05,5.495462e-17
2,0.000,7.800000e-03,-3.960000e+00,-4.406127e-05,5.491436e-17
2,0.000,7.850000e-03,-3.870000e+00,-4.303189e-05,5.488315e-17
2,0.000,7.900000e-03,-3.780000e+00,-4.198772e-05,5.486457e-17
2,0.000,7.950000e-03,-3.690000e+00,-4.094383e-05,5.484599e-17
2,0.000,8.000000e-03,-3.600000e+00,-3.990019e-05,5.482742e-17
2,0.000,8.050000e-03,-3.510000e+00,-3.885569e-05,5.480884e-17
2,0.000,8.100000e-03,-3.420000e+00,-3.781168e-05,5.479026e-17
2,0.000,8.150000e-03,-3.330000e+00,-3.676707e-05,5.477168e-17
2,0.000,8.200000e-03,-3.240000e+00,-3.571857e-05,5.476721e-17
2,0.000,8.250000e-03,-3.150000e+00,-3.466697e-05,5.476707e-17
2,0.000,8.300000e-03,-3.060000e+00,-3.361560e-05,5.476693e-17
2,0.000,8.350000e-03,-2.970000e+00,-3.256514e-05,5.476678e-17
2,0.000,8.400000e-03,-2.880000e+00,-3.151367e-05,5.476664e-17
2,0.000,8.450000e-03,-2.790000e+00,-3.046198e-05,5.476650e-17
2,0.000,8.500000e-03,-2.700000e+00,-2.941047e-05,5.476636e-17
2,0.000,8.550000e-03,-2.610000e+00,-2.835933e-05,5.476622e-17
2,0.000,8.600000e-03,-2.520000e+00,-2.730850e-05,5.476607e-17
2,0.000,8.650000e-03,-2.430000e+00,-2.625755e-05,5.476593e-17
2,0.000,8.700000e-03,-2.340000e+00,-2.520583e-05,5.476579e-17
2,0.000,8.750000e-03,-2.250000e+00,-2.415433e-05,5.476565e-17
2,0.000,8.800000e-03,-2.160000e+00,-2.310324e-05,5.476551e-17
2,0.000,8.850000e-03,-2.070000e+00,-2.205188e-05,5.476542e-17
2,0.000,8.900000e-03,-1.980000e+00,-2.100117e-05,5.476541e-17
2,0.000,8.950000e-03,-1.890000e+00,-1.995005e-05,5.476539e-17
2,0.000,9.000000e-03,-1.800000e+00,-1.889872e-05,5.476537e-17
2,0.000,9.050000e-03,-1.710000e+00,-1.784745e-05,5.476536e-17
2,0.000,9.100000e-03,-1.620000e+00,-1.679654e-05,5.476534e-17
2,0.000,9.150000e-03,-1.530000e+00,-1.574500e-05,5.476532e-17
2,0.000,9.200000e-03,-1.440000e+00,-1.469383e-05,5.476531e-17
2,0.000,9.250000e-03,-1.350000e+00,-1.364274e-05,5.476529e-17
2,0.000,9.300000e-03,-1.260000e+00,-1.259141e-05,5.476527e-17
2,0.000,9.350000e-03,-1.170000e+00,-1.154022e-05,5.476526e-17
2,0.000,9.400000e-03,-1.080000e+00,-1.048941e-05,5.476524e-17
2,0.000,9.450000e-03,-9.900000e-01,-9.437917e-06,5.476522e-17
2,0.000,9.500000e-03,-9.000000e-01,-8.386599e-06,5.476521e-17
2,0.000,9.550000e-03,-8.100000e-01,-7.335514e-06,5.476519e-17
2,0.000,9.600000e-03,-7.200000e-01,-6.284412e-06,5.476517e-17
2,0.000,9.650000e-03,-6.300000e-01,-5.233188e-06,5.476516e-17
2,0.000,9.700000e-03,-5.400000e-01,-4.182068e-06,5.476514e-17
2,0.000,9.750000e-03,-4.500000e-01,-3.130764e-06,5.476512e-17
2,0.000,9.800000e-03,-3.600000e-01,-2.079580e-06,5.476511e-17
2,0.000,9.850000e-03,-2.700000e-01,-1.028497e-06,5.431851e-17
2,0.000,9.900000e-03,-1.800000e-01,2.262214e-08,5.187590e-17
2,0.000,9.950000e-03,-9.000000e-02,1.073793e-06,-7.698700e-14
2,0.000,1.000000e-02,-7.016709e-16,2.125005e-06,-7.157434e-10
