Ugate_V,t_s,V_V,I_A,x,E_drive,T_local
0.000,0.000000e+00,0.000000e+00,0.000000e+00,1.000000e-03,0.000000e+00,2.999981e+02
0.000,5.000000e-05,9.000000e-02,3.172047e-06,1.000096e-03,6.000000e+07,3.000000e+02
0.000,1.000000e-04,1.800000e-01,4.230305e-06,1.000416e-03,1.200000e+08,3.000000e+02
0.000,1.500000e-04,2.700000e-01,5.287062e-06,1.000881e-03,1.800000e+08,3.000000e+02
0.000,2.000000e-04,3.600000e-01,6.341002e-06,1.002259e-03,2.400000e+08,3.000000e+02
0.000,2.500000e-04,4.500000e-01,7.395039e-06,1.003637e-03,3.000000e+08,3.000000e+02
0.000,3.000000e-04,5.400000e-01,8.448906e-06,1.005564e-03,3.600000e+08,3.000000e+02
0.000,3.500000e-04,6.300000e-01,9.502946e-06,1.017507e-03,4.200000e+08,3.000000e+02
0.000,4.000000e-04,7.200000e-01,1.055693e-05,1.029449e-03,4.800000e+08,3.000000e+02
0.000,4.500000e-04,8.100000e-01,1.161110e-05,1.041391e-03,5.400000e+08,3.000000e+02
0.000,5.000000e-04,9.000000e-01,1.266501e-05,1.053333e-03,6.000000e+08,3.000000e+02
0.000,5.500000e-04,9.900000e-01,1.371907e-05,1.065276e-03,6.600000e+08,3.000000e+02
0.000,6.000000e-04,1.080000e+00,1.477321e-05,1.080525e-03,7.200000e+08,3.000000e+02
0.000,6.500000e-04,1.170000e+00,1.582908e-05,1.124262e-03,7.800000e+08,3.000000e+02
0.000,7.000000e-04,1.260000e+00,1.688505e-05,1.167999e-03,8.400000e+08,3.000000e+02
0.000,7.500000e-04,1.350000e+00,1.794091e-05,1.211735e-03,9.000000e+08,3.000000e+02
0.000,8.000000e-04,1.440000e+00,1.899906e-05,1.287871e-03,9.600000e+08,3.000000e+02
0.000,8.500000e-04,1.530000e+00,2.006008e-05,1.417784e-03,1.020000e+09,3.000000e+02
0.000,9.000000e-04,1.620000e+00,2.112064e-05,1.547696e-03,1.080000e+09,3.000000e+02
0.000,9.500000e-04,1.710000e+00,2.218368e-05,1.708059e-03,1.140000e+09,3.000000e+02
0.000,1.000000e-03,1.800000e+00,2.325266e-05,1.960327e-03,1.200000e+09,3.000000e+02
0.000,1.050000e-03,1.890000e+00,2.432741e-05,2.279140e-03,1.260000e+09,3.000000e+02
0.000,1.100000e-03,1.980000e+00,2.541055e-05,2.725625e-03,1.320000e+09,3.000000e+02
0.000,1.150000e-03,2.070000e+00,2.651164e-05,3.413662e-03,1.380000e+09,3.000000e+02
0.000,1.200000e-03,2.160000e+00,2.762443e-05,4.242093e-03,1.440000e+09,3.000000e+02
0.000,1.250000e-03,2.250000e+00,2.878182e-05,5.640703e-03,1.500000e+09,3.000000e+02
0.000,1.300000e-03,2.340000e+00,2.995707e-05,7.230232e-03,1.560000e+09,3.000000e+02
0.000,1.350000e-03,2.430000e+00,3.118386e-05,9.391737e-03,1.620000e+09,3.000000e+02
0.000,1.400000e-03,2.520000e+00,3.249276e-05,1.244902e-02,1.680000e+09,3.000000e+02
0.000,1.450000e-03,2.610000e+00,3.390257e-05,1.658387e-02,1.740000e+09,3.000000e+02
0.000,1.500000e-03,2.700000e+00,3.549178e-05,2.250183e-02,1.800000e+09,3.000000e+02
0.000,1.550000e-03,2.790000e+00,3.732846e-05,3.077831e-02,1.860000e+09,3.000000e+02
0.000,1.600000e-03,2.880000e+00,3.953328e-05,4.234605e-02,1.920000e+09,3.000000e+02
0.000,1.650000e-03,2.970000e+00,4.230746e-05,5.860991e-02,1.980000e+09,3.000000e+02
0.000,1.700000e-03,3.060000e+00,4.598062e-05,8.157472e-02,2.040000e+09,3.000000e+02
0.000,1.750000e-03,3.150000e+00,5.110048e-05,1.140289e-01,2.100000e+09,3.000000e+02
0.000,1.800000e-03,3.240000e+00,5.865094e-05,1.598428e-01,2.160000e+09,3.000000e+02
0.000,1.850000e-03,3.330000e+00,7.051866e-05,2.246151e-01,2.220000e+09,3.000000e+02
0.000,1.900000e-03,3.420000e+00,9.053006e-05,3.157300e-01,2.280000e+09,3.000001e+02
0.000,1.950000e-03,3.510000e+00,1.267827e-04,4.415519e-01,2.340000e+09,3.000001e+02
0.000,2.000000e-03,3.600000e+00,1.947868e-04,6.047355e-01,2.400000e+09,3.000001e+02
0.000,2.050000e-03,3.690000e+00,3.095672e-04,7.832998e-01,2.460000e+09,3.000002e+02
0.000,2.100000e-03,3.780000e+00,4.465991e-04,9.214781e-01,2.520000e+09,3.000003e+02
0.000,2.150000e-03,3.870000e+00,5.316455e-04,9.826013e-01,2.580000e+09,3.000004e+02
0.000,2.200000e-03,3.960000e+00,5.670141e-04,9.993289e-01,2.640000e+09,3.000004e+02
0.000,2.250000e-03,4.050000e+00,5.823844e-04,1.000987e+00,2.700000e+09,3.000004e+02
0.000,2.300000e-03,4.140000e+00,5.941500e-04,1.000218e+00,2.760000e+09,3.000004e+02
0.000,2.350000e-03,4.230000e+00,6.068291e-04,1.000083e+00,2.820000e+09,3.000005e+02
0.000,2.400000e-03,4.320000e+00,6.163016e-04,9.999887e-01,2.865497e+09,3.000005e+02
0.000,2.450000e-03,4.410000e+00,6.221227e-04,9.999396e-01,2.894468e+09,3.000005e+02
0.000,2.500000e-03,4.500000e+00,6.279421e-04,9.998905e-01,2.923439e+09,3.000005e+02
0.000,2.550000e-03,4.410000e+00,6.308613e-04,9.998523e-01,2.940000e+09,3.000005e+02
0.000,2.600000e-03,4.320000e+00,6.158817e-04,9.998820e-01,2.880000e+09,3.000005e+02
0.000,2.650000e-03,4.230000e+00,6.022511e-04,9.999358e-01,2.820000e+09,3.000005e+02
0.000,2.700000e-03,4.140000e+00,5.892901e-04,9.999876e-01,2.760000e+09,3.000004e+02
0.000,2.750000e-03,4.050000e+00,5.765118e-04,9.999982e-01,2.700000e+09,3.000004e+02
0.000,2.800000e-03,3.960000e+00,5.637334e-04,1.000009e+00,2.640000e+09,3.000004e+02
0.000,2.850000e-03,3.870000e+00,5.509345e-04,1.000016e+00,2.580000e+09,3.000004e+02
0.000,2.900000e-03,3.780000e+00,5.380931e-04,1.000015e+00,2.520000e+09,3.000004e+02
0.000,2.950000e-03,3.690000e+00,5.252506e-04,1.000014e+00,2.460000e+09,3.000004e+02
0.000,3.000000e-03,3.600000e+00,5.124093e-04,1.000014e+00,2.400000e+09,3.000003e+02
0.000,3.050000e-03,3.510000e+00,4.995675e-04,1.000013e+00,2.340000e+09,3.000003e+02
0.000,3.100000e-03,3.420000e+00,4.867262e-04,1.000013e+00,2.280000e+09,3.000003e+02
0.000,3.150000e-03,3.330000e+00,4.738730e-04,1.000012e+00,2.220000e+09,3.000003e+02
0.000,3.200000e-03,3.240000e+00,4.610078e-04,1.000012e+00,2.160000e+09,3.000003e+02
0.000,3.250000e-03,3.150000e+00,4.481440e-04,1.000012e+00,2.100000e+09,3.000003e+02
0.000,3.300000e-03,3.060000e+00,4.352802e-04,1.000012e+00,2.040000e+09,3.000002e+02
0.000,3.350000e-03,2.970000e+00,4.224156e-04,1.000011e+00,1.980000e+09,3.000002e+02
0.000,3.400000e-03,2.880000e+00,4.095518e-04,1.000011e+00,1.920000e+09,3.000002e+02
0.000,3.450000e-03,2.790000e+00,3.966868e-04,1.000011e+00,1.860000e+09,3.000002e+02
0.000,3.500000e-03,2.700000e+00,3.838227e-04,1.000011e+00,1.800000e+09,3.000002e+02
0.000,3.550000e-03,2.610000e+00,3.709585e-04,1.000011e+00,1.740000e+09,3.000002e+02
0.000,3.600000e-03,2.520000e+00,3.580943e-04,1.000011e+00,1.680000e+09,3.000002e+02
0.000,3.650000e-03,2.430000e+00,3.452299e-04,1.000010e+00,1.620000e+09,3.000002e+02
0.000,3.700000e-03,2.340000e+00,3.323662e-04,1.000010e+00,1.560000e+09,3.000001e+02
0.000,3.750000e-03,2.250000e+00,3.195010e-04,1.000010e+00,1.500000e+09,3.000001e+02
0.000,3.800000e-03,2.160000e+00,3.066350e-04,1.000010e+00,1.440000e+09,3.000001e+02
0.000,3.850000e-03,2.070000e+00,2.937702e-04,1.000010e+00,1.380000e+09,3.000001e+02
0.000,3.900000e-03,1.980000e+00,2.809047e-04,1.000010e+00,1.320000e+09,3.000001e+02
0.000,3.950000e-03,1.890000e+00,2.680396e-04,1.000010e+00,1.260000e+09,3.000001e+02
0.000,4.000000e-03,1.800000e+00,2.551740e-04,1.000010e+00,1.200000e+09,3.000001e+02
0.000,4.050000e-03,1.710000e+00,2.423090e-04,1.000010e+00,1.140000e+09,3.000001e+02
0.000,4.100000e-03,1.620000e+00,2.294437e-04,1.000010e+00,1.080000e+09,3.000001e+02
0.000,4.150000e-03,1.530000e+00,2.165781e-04,1.000010e+00,1.020000e+09,3.000001e+02
0.000,4.200000e-03,1.440000e+00,2.037130e-04,1.000010e+00,9.599999e+08,3.000001e+02
0.000,4.250000e-03,1.350000e+00,1.908479e-04,1.000010e+00,8.999999e+08,3.000001e+02
0.000,4.300000e-03,1.260000e+00,1.779827e-04,1.000010e+00,8.399999e+08,3.000001e+02
0.000,4.350000e-03,1.170000e+00,1.651172e-04,1.000009e+00,7.799999e+08,3.000000e+02
0.000,4.400000e-03,1.080000e+00,1.522519e-04,1.000009e+00,7.199999e+08,3.000000e+02
0.000,4.450000e-03,9.900000e-01,1.393869e-04,1.000009e+00,6.600000e+08,3.000000e+02
0.000,4.500000e-03,9.000000e-01,1.265216e-04,1.000009e+00,6.000000e+08,3.000000e+02
0.000,4.550000e-03,8.100000e-01,1.136562e-04,1.000009e+00,5.400000e+08,3.000000e+02
0.000,4.600000e-03,7.200000e-01,1.007909e-04,1.000009e+00,4.800000e+08,3.000000e+02
0.000,4.650000e-03,6.300000e-01,8.792569e-05,1.000009e+00,4.200000e+08,3.000000e+02
0.000,4.700000e-03,5.400000e-01,7.506047e-05,1.000009e+00,3.600000e+08,3.000000e+02
0.000,4.750000e-03,4.500000e-01,6.220711e-05,9.999852e-01,3.000000e+08,3.000000e+02
0.000,4.800000e-03,3.600000e-01,4.935492e-05,9.999598e-01,2.400000e+08,3.000000e+02
0.000,4.850000e-03,2.700000e-01,3.650235e-05,9.999343e-01,1.800000e+08,3.000000e+02
0.000,4.900000e-03,1.800000e-01,2.364986e-05,9.999089e-01,1.200000e+08,3.000000e+02
0.000,4.950000e-03,9.000000e-02,1.079751e-05,9.998834e-01,6.000000e+07,3.000000e+02
0.000,5.000000e-03,3.508355e-16,-2.055014e-06,9.998579e-01,6.841589e-01,3.000000e+02
0.000,5.050000e-03,-9.000000e-02,-1.490741e-05,9.998325e-01,-6.000000e+07,3.000000e+02
0.000,5.100000e-03,-1.800000e-01,-2.775989e-05,9.998070e-01,-1.200000e+08,3.000000e+02
0.000,5.150000e-03,-2.700000e-01,-4.061219e-05,9.997815e-01,-1.800000e+08,3.000000e+02
0.000,5.200000e-03,-3.600000e-01,-5.346471e-05,9.997561e-01,-2.400000e+08,3.000000e+02
0.000,5.250000e-03,-4.500000e-01,-6.631720e-05,9.997306e-01,-3.000000e+08,3.000000e+02
0.000,5.300000e-03,-5.400000e-01,-7.916958e-05,9.997051e-01,-3.600000e+08,3.000000e+02
0.000,5.350000e-03,-6.300000e-01,-9.202201e-05,9.996797e-01,-4.200000e+08,3.000000e+02
0.000,5.400000e-03,-7.200000e-01,-1.048744e-04,9.996542e-01,-4.800000e+08,3.000000e+02
0.000,5.450000e-03,-8.100000e-01,-1.177268e-04,9.996288e-01,-5.400000e+08,3.000000e+02
0.000,5.500000e-03,-9.000000e-01,-1.305793e-04,9.996033e-01,-6.000000e+08,3.000000e+02
0.000,5.550000e-03,-9.900000e-01,-1.434316e-04,9.995778e-01,-6.600000e+08,3.000000e+02
0.000,5.600000e-03,-1.080000e+00,-1.562840e-04,9.995524e-01,-7.199999e+08,3.000000e+02
0.000,5.650000e-03,-1.170000e+00,-1.691365e-04,9.995269e-01,-7.799999e+08,3.000000e+02
0.000,5.700000e-03,-1.260000e+00,-1.819891e-04,9.995014e-01,-8.399999e+08,3.000000e+02
0.000,5.750000e-03,-1.350000e+00,-1.947536e-04,9.993642e-01,-8.999999e+08,3.000000e+02
0.000,5.800000e-03,-1.440000e+00,-2.075121e-04,9.992193e-01,-9.599999e+08,3.000001e+02
0.000,5.850000e-03,-1.530000e+00,-2.202705e-04,9.990743e-01,-1.020000e+09,3.000001e+02
0.000,5.900000e-03,-1.620000e+00,-2.330288e-04,9.989294e-01,-1.080000e+09,3.000001e+02
0.000,5.950000e-03,-1.710000e+00,-2.457876e-04,9.987845e-01,-1.140000e+09,3.000001e+02
0.000,6.000000e-03,-1.800000e+00,-2.579510e-04,9.979302e-01,-1.200000e+09,3.000001e+02
0.000,6.050000e-03,-1.890000e+00,-2.700724e-04,9.970270e-01,-1.260000e+09,3.000001e+02
0.000,6.100000e-03,-1.980000e+00,-2.821949e-04,9.961239e-01,-1.320000e+09,3.000001e+02
0.000,6.150000e-03,-2.070000e+00,-2.943166e-04,9.952207e-01,-1.380000e+09,3.000001e+02
0.000,6.200000e-03,-2.160000e+00,-3.064388e-04,9.943175e-01,-1.440000e+09,3.000001e+02
0.000,6.250000e-03,-2.250000e+00,-3.176352e-04,9.924962e-01,-1.500000e+09,3.000001e+02
0.000,6.300000e-03,-2.340000e+00,-3.283931e-04,9.902414e-01,-1.560000e+09,3.000001e+02
0.000,6.350000e-03,-2.430000e+00,-3.390041e-04,9.878400e-01,-1.620000e+09,3.000001e+02
0.000,6.400000e-03,-2.520000e+00,-3.468598e-04,9.827159e-01,-1.680000e+09,3.000002e+02
0.000,6.450000e-03,-2.610000e+00,-3.547156e-04,9.775918e-01,-1.740000e+09,3.000002e+02
0.000,6.500000e-03,-2.700000e+00,-3.580114e-04,9.679481e-01,-1.800000e+09,3.000002e+02
0.000,6.550000e-03,-2.790000e+00,-3.592893e-04,9.563036e-01,-1.860000e+09,3.000002e+02
0.000,6.600000e-03,-2.880000e+00,-3.559771e-04,9.396939e-01,-1.920000e+09,3.000002e+02
0.000,6.650000e-03,-2.970000e+00,-3.435620e-04,9.132357e-01,-1.980000e+09,3.000002e+02
0.000,6.700000e-03,-3.060000e+00,-3.311473e-04,8.867775e-01,-2.040000e+09,3.000002e+02
0.000,6.750000e-03,-3.150000e+00,-3.029958e-04,8.383177e-01,-2.100000e+09,3.000002e+02
0.000,6.800000e-03,-3.240000e+00,-2.719102e-04,7.837138e-01,-2.160000e+09,3.000002e+02
0.000,6.850000e-03,-3.330000e+00,-2.308370e-04,7.072124e-01,-2.220000e+09,3.000001e+02
0.000,6.900000e-03,-3.420000e+00,-1.839569e-04,6.047706e-01,-2.280000e+09,3.000001e+02
0.000,6.950000e-03,-3.510000e+00,-1.360843e-04,4.708996e-01,-2.340000e+09,3.000001e+02
0.000,7.000000e-03,-3.600000e+00,-9.399508e-05,3.115807e-01,-2.400000e+09,3.000001e+02
0.000,7.050000e-03,-3.690000e+00,-6.578925e-05,1.553928e-01,-2.460000e+09,3.000000e+02
0.000,7.100000e-03,-3.780000e+00,-5.196732e-05,4.841914e-02,-2.520000e+09,3.000000e+02
0.000,7.150000e-03,-3.870000e+00,-4.820586e-05,7.694477e-03,-2.580000e+09,3.000000e+02
0.000,7.200000e-03,-3.960000e+00,-4.842551e-05,4.120335e-04,-2.640000e+09,3.000000e+02
0.000,7.250000e-03,-4.050000e+00,-4.943031e-05,6.044768e-06,-2.700000e+09,3.000000e+02
0.000,7.300000e-03,-4.140000e+00,-5.048109e-05,1.526209e-08,-2.760000e+09,3.000000e+02
0.000,7.350000e-03,-4.230000e+00,-5.153253e-05,3.195323e-12,-2.820000e+09,3.000000e+02
0.000,7.400000e-03,-4.320000e+00,-5.258255e-05,5.502552e-17,-2.880000e+09,3.000000e+02
0.000,7.450000e-03,-4.410000e+00,-5.363477e-05,5.502283e-17,-2.940000e+09,3.000000e+02
0.000,7.500000e-03,-4.500000e+00,-5.415164e-05,5.502053e-17,-2.989212e+09,3.000000e+02
0.000,7.550000e-03,-4.410000e+00,-4.978107e-05,5.501833e-17,-2.940000e+09,3.000000e+02
0.000,7.600000e-03,-4.320000e+00,-4.800420e-05,5.501628e-17,-2.880000e+09,3.000000e+02
0.000,7.650000e-03,-4.230000e+00,-4.708007e-05,5.501438e-17,-2.820000e+09,3.000000e+02
0.000,7.700000e-03,-4.140000e+00,-4.613221e-05,5.501252e-17,-2.760000e+09,3.000000e+02
0.000,7.750000e-03,-4.050000e+00,-4.512184e-05,5.501081e-17,-2.700000e+09,3.000000e+02
0.000,7.800000e-03,-3.960000e+00,-4.411120e-05,5.500910e-17,-2.640000e+09,3.000000e+02
0.000,7.850000e-03,-3.870000e+00,-4.310054e-05,5.500739e-17,-2.580000e+09,3.000000e+02
0.000,7.900000e-03,-3.780000e+00,-4.205840e-05,5.500617e-17,-2.520000e+09,3.000000e+02
0.000,7.950000e-03,-3.690000e+00,-4.100769e-05,5.500512e-17,-2.460000e+09,3.000000e+02
0.000,8.000000e-03,-3.600000e+00,-3.995617e-05,5.500406e-17,-2.400000e+09,3.000000e+02
0.000,8.050000e-03,-3.510000e+00,-3.890463e-05,5.500300e-17,-2.340000e+09,3.000000e+02
0.000,8.100000e-03,-3.420000e+00,-3.785342e-05,5.500194e-17,-2.280000e+09,3.000000e+02
0.000,8.150000e-03,-3.330000e+00,-3.680169e-05,5.500088e-17,-2.220000e+09,3.000000e+02
0.000,8.200000e-03,-3.240000e+00,-3.575070e-05,5.499982e-17,-2.160000e+09,3.000000e+02
0.000,8.250000e-03,-3.150000e+00,-3.469799e-05,5.499946e-17,-2.100000e+09,3.000000e+02
0.000,8.300000e-03,-3.060000e+00,-3.364524e-05,5.499933e-17,-2.040000e+09,3.000000e+02
0.000,8.350000e-03,-2.970000e+00,-3.259101e-05,5.499920e-17,-1.980000e+09,3.000000e+02
0.000,8.400000e-03,-2.880000e+00,-3.153775e-05,5.499907e-17,-1.920000e+09,3.000000e+02
0.000,8.450000e-03,-2.790000e+00,-3.048428e-05,5.499895e-17,-1.860000e+09,3.000000e+02
0.000,8.500000e-03,-2.700000e+00,-2.943140e-05,5.499882e-17,-1.800000e+09,3.000000e+02
0.000,8.550000e-03,-2.610000e+00,-2.837823e-05,5.499869e-17,-1.740000e+09,3.000000e+02
0.000,8.600000e-03,-2.520000e+00,-2.732433e-05,5.499857e-17,-1.680000e+09,3.000000e+02
0.000,8.650000e-03,-2.430000e+00,-2.627130e-05,5.499844e-17,-1.620000e+09,3.000000e+02
0.000,8.700000e-03,-2.340000e+00,-2.521813e-05,5.499831e-17,-1.560000e+09,3.000000e+02
0.000,8.750000e-03,-2.250000e+00,-2.416492e-05,5.499818e-17,-1.500000e+09,3.000000e+02
0.000,8.800000e-03,-2.160000e+00,-2.311155e-05,5.499806e-17,-1.440000e+09,3.000000e+02
0.000,8.850000e-03,-2.070000e+00,-2.205822e-05,5.499793e-17,-1.380000e+09,3.000000e+02
0.000,8.900000e-03,-1.980000e+00,-2.100485e-05,5.499780e-17,-1.320000e+09,3.000000e+02
0.000,8.950000e-03,-1.890000e+00,-1.995255e-05,5.499775e-17,-1.260000e+09,3.000000e+02
0.000,9.000000e-03,-1.800000e+00,-1.890048e-05,5.499774e-17,-1.200000e+09,3.000000e+02
0.000,9.050000e-03,-1.710000e+00,-1.784874e-05,5.499772e-17,-1.140000e+09,3.000000e+02
0.000,9.100000e-03,-1.620000e+00,-1.679669e-05,5.499771e-17,-1.080000e+09,3.000000e+02
0.000,9.150000e-03,-1.530000e+00,-1.574500e-05,5.499769e-17,-1.020000e+09,3.000000e+02
0.000,9.200000e-03,-1.440000e+00,-1.469345e-05,5.499768e-17,-9.600000e+08,3.000000e+02
0.000,9.250000e-03,-1.350000e+00,-1.364231e-05,5.499768e-17,-9.000000e+08,3.000000e+02
0.000,9.300000e-03,-1.260000e+00,-1.259113e-05,5.499768e-17,-8.400000e+08,3.000000e+02
0.000,9.350000e-03,-1.170000e+00,-1.153985e-05,5.499767e-17,-7.800000e+08,3.000000e+02
0.000,9.400000e-03,-1.080000e+00,-1.048873e-05,5.499767e-17,-7.200000e+08,3.000000e+02
0.000,9.450000e-03,-9.900000e-01,-9.437510e-06,5.499766e-17,-6.600000e+08,3.000000e+02
0.000,9.500000e-03,-9.000000e-01,-8.386383e-06,5.499766e-17,-6.000000e+08,3.000000e+02
0.000,9.550000e-03,-8.100000e-01,-7.334908e-06,5.499766e-17,-5.400000e+08,3.000000e+02
0.000,9.600000e-03,-7.200000e-01,-6.283802e-06,5.499765e-17,-4.800000e+08,3.000000e+02
0.000,9.650000e-03,-6.300000e-01,-5.232669e-06,5.499765e-17,-4.200000e+08,3.000000e+02
0.000,9.700000e-03,-5.400000e-01,-4.181851e-06,5.499764e-17,-3.600000e+08,3.000000e+02
0.000,9.750000e-03,-4.500000e-01,-3.130964e-06,5.499756e-17,-3.000000e+08,3.000000e+02
0.000,9.800000e-03,-3.600000e-01,-2.079806e-06,5.499737e-17,-2.400000e+08,3.000000e+02
0.000,9.850000e-03,-2.700000e-01,-1.028701e-06,5.499719e-17,-1.800000e+08,3.000000e+02
0.000,9.900000e-03,-1.800000e-01,2.253228e-08,4.852859e-17,-1.200000e+08,3.000000e+02
0.000,9.950000e-03,-9.000000e-02,1.073788e-06,-7.721258e-14,-6.000000e+07,3.000000e+02
0.000,1.000000e-02,-7.016709e-16,2.125005e-06,-7.249844e-10,-7.072729e-01,3.000000e+02
-0.5000,0.000000e+00,0.000000e+00,0.000000e+00,1.000000e-03,0.000000e+00,2.999981e+02
-0.5000,5.000000e-05,9.000000e-02,3.172019e-06,1.000096e-03,6.000000e+07,3.000000e+02
-0.5000,1.000000e-04,1.800000e-01,4.230270e-06,1.000416e-03,1.200000e+08,3.000000e+02
-0.5000,1.500000e-04,2.700000e-01,5.286960e-06,1.000881e-03,1.800000e+08,3.000000e+02
-0.5000,2.000000e-04,3.600000e-01,6.341025e-06,1.002259e-03,2.400000e+08,3.000000e+02
-0.5000,2.500000e-04,4.500000e-01,7.394990e-06,1.003637e-03,3.000000e+08,3.000000e+02
-0.5000,3.000000e-04,5.400000e-01,8.448962e-06,1.005564e-03,3.600000e+08,3.000000e+02
-0.5000,3.500000e-04,6.300000e-01,9.503058e-06,1.017506e-03,4.200000e+08,3.000000e+02
-0.5000,4.000000e-04,7.200000e-01,1.055715e-05,1.029449e-03,4.800000e+08,3.000000e+02
-0.5000,4.500000e-04,8.100000e-01,1.161113e-05,1.041391e-03,5.400000e+08,3.000000e+02
-0.5000,5.000000e-04,9.000000e-01,1.266535e-05,1.053333e-03,6.000000e+08,3.000000e+02
-0.5000,5.500000e-04,9.900000e-01,1.371929e-05,1.065276e-03,6.600000e+08,3.000000e+02
-0.5000,6.000000e-04,1.080000e+00,1.477338e-05,1.080459e-03,7.200000e+08,3.000000e+02
-0.5000,6.500000e-04,1.170000e+00,1.582926e-05,1.123563e-03,7.800000e+08,3.000000e+02
-0.5000,7.000000e-04,1.260000e+00,1.688506e-05,1.166666e-03,8.400000e+08,3.000000e+02
-0.5000,7.500000e-04,1.350000e+00,1.794077e-05,1.209770e-03,9.000000e+08,3.000000e+02
-0.5000,8.000000e-04,1.440000e+00,1.899861e-05,1.288722e-03,9.600000e+08,3.000000e+02
-0.5000,8.500000e-04,1.530000e+00,2.005927e-05,1.417617e-03,1.020000e+09,3.000000e+02
-0.5000,9.000000e-04,1.620000e+00,2.112045e-05,1.546512e-03,1.080000e+09,3.000000e+02
-0.5000,9.500000e-04,1.710000e+00,2.218334e-05,1.707839e-03,1.140000e+09,3.000000e+02
-0.5000,1.000000e-03,1.800000e+00,2.325196e-05,1.956208e-03,1.200000e+09,3.000000e+02
-0.5000,1.050000e-03,1.890000e+00,2.432607e-05,2.278785e-03,1.260000e+09,3.000000e+02
-0.5000,1.100000e-03,1.980000e+00,2.540849e-05,2.718725e-03,1.320000e+09,3.000000e+02
-0.5000,1.150000e-03,2.070000e+00,2.650993e-05,3.411510e-03,1.380000e+09,3.000000e+02
-0.5000,1.200000e-03,2.160000e+00,2.762208e-05,4.252633e-03,1.440000e+09,3.000000e+02
-0.5000,1.250000e-03,2.250000e+00,2.877720e-05,5.632954e-03,1.500000e+09,3.000000e+02
-0.5000,1.300000e-03,2.340000e+00,2.995207e-05,7.222628e-03,1.560000e+09,3.000000e+02
-0.5000,1.350000e-03,2.430000e+00,3.117726e-05,9.373039e-03,1.620000e+09,3.000000e+02
-0.5000,1.400000e-03,2.520000e+00,3.248529e-05,1.243641e-02,1.680000e+09,3.000000e+02
-0.5000,1.450000e-03,2.610000e+00,3.389346e-05,1.657478e-02,1.740000e+09,3.000000e+02
-0.5000,1.500000e-03,2.700000e+00,3.547553e-05,2.247457e-02,1.800000e+09,3.000000e+02
-0.5000,1.550000e-03,2.790000e+00,3.730624e-05,3.075391e-02,1.860000e+09,3.000000e+02
-0.5000,1.600000e-03,2.880000e+00,3.950173e-05,4.232321e-02,1.920000e+09,3.000000e+02
-0.5000,1.650000e-03,2.970000e+00,4.226149e-05,5.858562e-02,1.980000e+09,3.000000e+02
-0.5000,1.700000e-03,3.060000e+00,4.591379e-05,8.155173e-02,2.040000e+09,3.000000e+02
-0.5000,1.750000e-03,3.150000e+00,5.099628e-05,1.139992e-01,2.100000e+09,3.000000e+02
-0.5000,1.800000e-03,3.240000e+00,5.848326e-05,1.598057e-01,2.160000e+09,3.000000e+02
-0.5000,1.850000e-03,3.330000e+00,7.022998e-05,2.245670e-01,2.220000e+09,3.000000e+02
-0.5000,1.900000e-03,3.420000e+00,8.999193e-05,3.156653e-01,2.280000e+09,3.000001e+02
-0.5000,1.950000e-03,3.510000e+00,1.256966e-04,4.414941e-01,2.340000e+09,3.000001e+02
-0.5000,2.000000e-03,3.600000e+00,1.925413e-04,6.048410e-01,2.400000e+09,3.000001e+02
-0.5000,2.050000e-03,3.690000e+00,3.089264e-04,7.878652e-01,2.460000e+09,3.000002e+02
-0.5000,2.100000e-03,3.780000e+00,4.373427e-04,9.195303e-01,2.520000e+09,3.000003e+02
-0.5000,2.150000e-03,3.870000e+00,5.195507e-04,9.804561e-01,2.580000e+09,3.000004e+02
-0.5000,2.200000e-03,3.960000e+00,5.536036e-04,9.968885e-01,2.640000e+09,3.000004e+02
-0.5000,2.250000e-03,4.050000e+00,5.697019e-04,9.994264e-01,2.700000e+09,3.000004e+02
-0.5000,2.300000e-03,4.140000e+00,5.830331e-04,9.999201e-01,2.760000e+09,3.000004e+02
-0.5000,2.350000e-03,4.230000e+00,5.957477e-04,9.999768e-01,2.820000e+09,3.000005e+02
-0.5000,2.400000e-03,4.320000e+00,6.084069e-04,9.999963e-01,2.880000e+09,3.000005e+02
-0.5000,2.450000e-03,4.410000e+00,6.210443e-04,1.000001e+00,2.940000e+09,3.000005e+02
-0.5000,2.500000e-03,4.500000e+00,6.298037e-04,1.000003e+00,2.983806e+09,3.000005e+02
-0.5000,2.550000e-03,4.410000e+00,6.173862e-04,1.000003e+00,2.939109e+09,3.000005e+02
-0.5000,2.600000e-03,4.320000e+00,6.042373e-04,1.000001e+00,2.880000e+09,3.000005e+02
-0.5000,2.650000e-03,4.230000e+00,5.914853e-04,9.999999e-01,2.820000e+09,3.000005e+02
-0.5000,2.700000e-03,4.140000e+00,5.787946e-04,9.999996e-01,2.760000e+09,3.000004e+02
-0.5000,2.750000e-03,4.050000e+00,5.661641e-04,9.999995e-01,2.700000e+09,3.000004e+02
-0.5000,2.800000e-03,3.960000e+00,5.535525e-04,9.999996e-01,2.640000e+09,3.000004e+02
-0.5000,2.850000e-03,3.870000e+00,5.409418e-04,9.999996e-01,2.580000e+09,3.000004e+02
-0.5000,2.900000e-03,3.780000e+00,5.283297e-04,9.999997e-01,2.520000e+09,3.000004e+02
-0.5000,2.950000e-03,3.690000e+00,5.157111e-04,9.999997e-01,2.460000e+09,3.000003e+02
-0.5000,3.000000e-03,3.600000e+00,5.030861e-04,9.999997e-01,2.400000e+09,3.000003e+02
-0.5000,3.050000e-03,3.510000e+00,4.904611e-04,9.999997e-01,2.340000e+09,3.000003e+02
-0.5000,3.100000e-03,3.420000e+00,4.778360e-04,9.999997e-01,2.280000e+09,3.000003e+02
-0.5000,3.150000e-03,3.330000e+00,4.652107e-04,9.999996e-01,2.220000e+09,3.000003e+02
-0.5000,3.200000e-03,3.240000e+00,4.525856e-04,9.999996e-01,2.160000e+09,3.000003e+02
-0.5000,3.250000e-03,3.150000e+00,4.399608e-04,9.999996e-01,2.100000e+09,3.000003e+02
-0.5000,3.300000e-03,3.060000e+00,4.273349e-04,9.999996e-01,2.040000e+09,3.000002e+02
-0.5000,3.350000e-03,2.970000e+00,4.147088e-04,9.999996e-01,1.980000e+09,3.000002e+02
-0.5000,3.400000e-03,2.880000e+00,4.020791e-04,9.999995e-01,1.920000e+09,3.000002e+02
-0.5000,3.450000e-03,2.790000e+00,3.894476e-04,9.999995e-01,1.860000e+09,3.000002e+02
-0.5000,3.500000e-03,2.700000e+00,3.768163e-04,9.999994e-01,1.800000e+09,3.000002e+02
-0.5000,3.550000e-03,2.610000e+00,3.641851e-04,9.999994e-01,1.740000e+09,3.000002e+02
-0.5000,3.600000e-03,2.520000e+00,3.515543e-04,9.999993e-01,1.680000e+09,3.000002e+02
-0.5000,3.650000e-03,2.430000e+00,3.389230e-04,9.999993e-01,1.620000e+09,3.000002e+02
-0.5000,3.700000e-03,2.340000e+00,3.262921e-04,9.999992e-01,1.560000e+09,3.000001e+02
-0.5000,3.750000e-03,2.250000e+00,3.136606e-04,9.999992e-01,1.500000e+09,3.000001e+02
-0.5000,3.800000e-03,2.160000e+00,3.010297e-04,9.999991e-01,1.440000e+09,3.000001e+02
-0.5000,3.850000e-03,2.070000e+00,2.883990e-04,9.999991e-01,1.380000e+09,3.000001e+02
-0.5000,3.900000e-03,1.980000e+00,2.757678e-04,9.999990e-01,1.320000e+09,3.000001e+02
-0.5000,3.950000e-03,1.890000e+00,2.631363e-04,9.999990e-01,1.260000e+09,3.000001e+02
-0.5000,4.000000e-03,1.800000e+00,2.505051e-04,9.999989e-01,1.200000e+09,3.000001e+02
-0.5000,4.050000e-03,1.710000e+00,2.378744e-04,9.999989e-01,1.140000e+09,3.000001e+02
-0.5000,4.100000e-03,1.620000e+00,2.252428e-04,9.999988e-01,1.080000e+09,3.000001e+02
-0.5000,4.150000e-03,1.530000e+00,2.126120e-04,9.999988e-01,1.020000e+09,3.000001e+02
-0.5000,4.200000e-03,1.440000e+00,1.999810e-04,9.999987e-01,9.599999e+08,3.000000e+02
-0.5000,4.250000e-03,1.350000e+00,1.873495e-04,9.999980e-01,8.999999e+08,3.000000e+02
-0.5000,4.300000e-03,1.260000e+00,1.747180e-04,9.999973e-01,8.399999e+08,3.000000e+02
-0.5000,4.350000e-03,1.170000e+00,1.620869e-04,9.999966e-01,7.799999e+08,3.000000e+02
-0.5000,4.400000e-03,1.080000e+00,1.494557e-04,9.999959e-01,7.200000e+08,3.000000e+02
-0.5000,4.450000e-03,9.900000e-01,1.368241e-04,9.999952e-01,6.600000e+08,3.000000e+02
-0.5000,4.500000e-03,9.000000e-01,1.241926e-04,9.999945e-01,6.000000e+08,3.000000e+02
-0.5000,4.550000e-03,8.100000e-01,1.115614e-04,9.999938e-01,5.400000e+08,3.000000e+02
-0.5000,4.600000e-03,7.200000e-01,9.892999e-05,9.999931e-01,4.800000e+08,3.000000e+02
-0.5000,4.650000e-03,6.300000e-01,8.629851e-05,9.999924e-01,4.200000e+08,3.000000e+02
-0.5000,4.700000e-03,5.400000e-01,7.366727e-05,9.999917e-01,3.600000e+08,3.000000e+02
-0.5000,4.750000e-03,4.500000e-01,6.103588e-05,9.999910e-01,3.000000e+08,3.000000e+02
-0.5000,4.800000e-03,3.600000e-01,4.840449e-05,9.999903e-01,2.400000e+08,3.000000e+02
-0.5000,4.850000e-03,2.700000e-01,3.577321e-05,9.999896e-01,1.800000e+08,3.000000e+02
-0.5000,4.900000e-03,1.800000e-01,2.314176e-05,9.999889e-01,1.200000e+08,3.000000e+02
-0.5000,4.950000e-03,9.000000e-02,1.051039e-05,9.999882e-01,6.000000e+07,3.000000e+02
-0.5000,5.000000e-03,3.508355e-16,-2.120914e-06,9.999875e-01,7.059530e-01,3.000000e+02
-0.5000,5.050000e-03,-9.000000e-02,-1.475231e-05,9.999868e-01,-6.000000e+07,3.000000e+02
-0.5000,5.100000e-03,-1.800000e-01,-2.738369e-05,9.999861e-01,-1.200000e+08,3.000000e+02
-0.5000,5.150000e-03,-2.700000e-01,-4.001501e-05,9.999854e-01,-1.800000e+08,3.000000e+02
-0.5000,5.200000e-03,-3.600000e-01,-5.264341e-05,9.999808e-01,-2.400000e+08,3.000000e+02
-0.5000,5.250000e-03,-4.500000e-01,-6.467514e-05,9.991744e-01,-3.000000e+08,3.000000e+02
-0.5000,5.300000e-03,-5.400000e-01,-7.670683e-05,9.983680e-01,-3.600000e+08,3.000000e+02
-0.5000,5.350000e-03,-6.300000e-01,-8.873853e-05,9.975616e-01,-4.200000e+08,3.000000e+02
-0.5000,5.400000e-03,-7.200000e-01,-1.007703e-04,9.967552e-01,-4.800000e+08,3.000000e+02
-0.5000,5.450000e-03,-8.100000e-01,-1.128019e-04,9.959489e-01,-5.400000e+08,3.000000e+02
-0.5000,5.500000e-03,-9.000000e-01,-1.248338e-04,9.951425e-01,-6.000000e+08,3.000000e+02
-0.5000,5.550000e-03,-9.900000e-01,-1.368655e-04,9.943361e-01,-6.600000e+08,3.000000e+02
-0.5000,5.600000e-03,-1.080000e+00,-1.488971e-04,9.935297e-01,-7.200000e+08,3.000000e+02
-0.5000,5.650000e-03,-1.170000e+00,-1.609289e-04,9.927233e-01,-7.799999e+08,3.000000e+02
-0.5000,5.700000e-03,-1.260000e+00,-1.729607e-04,9.919169e-01,-8.399999e+08,3.000001e+02
-0.5000,5.750000e-03,-1.350000e+00,-1.849921e-04,9.911105e-01,-8.999999e+08,3.000001e+02
-0.5000,5.800000e-03,-1.440000e+00,-1.970239e-04,9.903041e-01,-9.599999e+08,3.000001e+02
-0.5000,5.850000e-03,-1.530000e+00,-2.090560e-04,9.894977e-01,-1.020000e+09,3.000001e+02
-0.5000,5.900000e-03,-1.620000e+00,-2.210873e-04,9.886914e-01,-1.080000e+09,3.000001e+02
-0.5000,5.950000e-03,-1.710000e+00,-2.331189e-04,9.878850e-01,-1.140000e+09,3.000001e+02
-0.5000,6.000000e-03,-1.800000e+00,-2.451507e-04,9.870786e-01,-1.200000e+09,3.000001e+02
-0.5000,6.050000e-03,-1.890000e+00,-2.571828e-04,9.862722e-01,-1.260000e+09,3.000001e+02
-0.5000,6.100000e-03,-1.980000e+00,-2.692142e-04,9.854658e-01,-1.320000e+09,3.000001e+02
-0.5000,6.150000e-03,-2.070000e+00,-2.812460e-04,9.846594e-01,-1.380000e+09,3.000001e+02
-0.5000,6.200000e-03,-2.160000e+00,-2.932720e-04,9.838529e-01,-1.440000e+09,3.000001e+02
-0.5000,6.250000e-03,-2.250000e+00,-3.043384e-04,9.830153e-01,-1.500000e+09,3.000001e+02
-0.5000,6.300000e-03,-2.340000e+00,-3.154042e-04,9.821777e-01,-1.560000e+09,3.000001e+02
-0.5000,6.350000e-03,-2.430000e+00,-3.264697e-04,9.813401e-01,-1.620000e+09,3.000002e+02
-0.5000,6.400000e-03,-2.520000e+00,-3.375354e-04,9.805026e-01,-1.680000e+09,3.000002e+02
-0.5000,6.450000e-03,-2.610000e+00,-3.486015e-04,9.796650e-01,-1.740000e+09,3.000002e+02
-0.5000,6.500000e-03,-2.700000e+00,-3.596669e-04,9.788274e-01,-1.800000e+09,3.000002e+02
-0.5000,6.550000e-03,-2.790000e+00,-3.707330e-04,9.779898e-01,-1.860000e+09,3.000002e+02
-0.5000,6.600000e-03,-2.880000e+00,-3.817987e-04,9.771522e-01,-1.920000e+09,3.000002e+02
-0.5000,6.650000e-03,-2.970000e+00,-3.928647e-04,9.763147e-01,-1.980000e+09,3.000002e+02
-0.5000,6.700000e-03,-3.060000e+00,-4.039299e-04,9.754771e-01,-2.040000e+09,3.000002e+02
-0.5000,6.750000e-03,-3.150000e+00,-4.149963e-04,9.746395e-01,-2.100000e+09,3.000003e+02
-0.5000,6.800000e-03,-3.240000e+00,-4.260617e-04,9.738019e-01,-2.160000e+09,3.000003e+02
-0.5000,6.850000e-03,-3.330000e+00,-4.371279e-04,9.729643e-01,-2.220000e+09,3.000003e+02
-0.5000,6.900000e-03,-3.420000e+00,-4.481932e-04,9.721268e-01,-2.280000e+09,3.000003e+02
-0.5000,6.950000e-03,-3.510000e+00,-4.592594e-04,9.712892e-01,-2.340000e+09,3.000003e+02
-0.5000,7.000000e-03,-3.600000e+00,-4.703256e-04,9.704516e-01,-2.400000e+09,3.000003e+02
-0.5000,7.050000e-03,-3.690000e+00,-4.813906e-04,9.696140e-01,-2.460000e+09,3.000003e+02
-0.5000,7.100000e-03,-3.780000e+00,-4.924565e-04,9.687764e-01,-2.520000e+09,3.000003e+02
-0.5000,7.150000e-03,-3.870000e+00,-5.035220e-04,9.679389e-01,-2.580000e+09,3.000004e+02
-0.5000,7.200000e-03,-3.960000e+00,-5.145839e-04,9.671011e-01,-2.640000e+09,3.000004e+02
-0.5000,7.250000e-03,-4.050000e+00,-5.249391e-04,9.662200e-01,-2.700000e+09,3.000004e+02
-0.5000,7.300000e-03,-4.140000e+00,-5.352930e-04,9.653389e-01,-2.760000e+09,3.000004e+02
-0.5000,7.350000e-03,-4.230000e+00,-5.456468e-04,9.644579e-01,-2.820000e+09,3.000004e+02
-0.5000,7.400000e-03,-4.320000e+00,-5.560010e-04,9.635768e-01,-2.880000e+09,3.000004e+02
-0.5000,7.450000e-03,-4.410000e+00,-5.659899e-04,9.622659e-01,-2.940000e+09,3.000005e+02
-0.5000,7.500000e-03,-4.500000e+00,-5.398910e-05,4.278809e-04,-2.999858e+09,3.000000e+02
-0.5000,7.550000e-03,-4.410000e+00,-4.938368e-05,1.846265e-14,-2.940000e+09,3.000000e+02
-0.5000,7.600000e-03,-4.320000e+00,-4.833304e-05,5.537114e-17,-2.880000e+09,3.000000e+02
-0.5000,7.650000e-03,-4.230000e+00,-4.728234e-05,5.535600e-17,-2.820000e+09,3.000000e+02
-0.5000,7.700000e-03,-4.140000e+00,-4.623034e-05,5.534214e-17,-2.760000e+09,3.000000e+02
-0.5000,7.750000e-03,-4.050000e+00,-4.518004e-05,5.532930e-17,-2.700000e+09,3.000000e+02
-0.5000,7.800000e-03,-3.960000e+00,-4.412809e-05,5.531715e-17,-2.640000e+09,3.000000e+02
-0.5000,7.850000e-03,-3.870000e+00,-4.307648e-05,5.530500e-17,-2.580000e+09,3.000000e+02
-0.5000,7.900000e-03,-3.780000e+00,-4.202593e-05,5.529507e-17,-2.520000e+09,3.000000e+02
-0.5000,7.950000e-03,-3.690000e+00,-4.097424e-05,5.528739e-17,-2.460000e+09,3.000000e+02
-0.5000,8.000000e-03,-3.600000e+00,-3.992308e-05,5.527971e-17,-2.400000e+09,3.000000e+02
-0.5000,8.050000e-03,-3.510000e+00,-3.887246e-05,5.527202e-17,-2.340000e+09,3.000000e+02
-0.5000,8.100000e-03,-3.420000e+00,-3.782099e-05,5.526434e-17,-2.280000e+09,3.000000e+02
-0.5000,8.150000e-03,-3.330000e+00,-3.676934e-05,5.525666e-17,-2.220000e+09,3.000000e+02
-0.5000,8.200000e-03,-3.240000e+00,-3.571783e-05,5.525123e-17,-2.160000e+09,3.000000e+02
-0.5000,8.250000e-03,-3.150000e+00,-3.466662e-05,5.525116e-17,-2.100000e+09,3.000000e+02
-0.5000,8.300000e-03,-3.060000e+00,-3.361555e-05,5.525109e-17,-2.040000e+09,3.000000e+02
-0.5000,8.350000e-03,-2.970000e+00,-3.256448e-05,5.525103e-17,-1.980000e+09,3.000000e+02
-0.5000,8.400000e-03,-2.880000e+00,-3.151298e-05,5.525096e-17,-1.920000e+09,3.000000e+02
-0.5000,8.450000e-03,-2.790000e+00,-3.046233e-05,5.525090e-17,-1.860000e+09,3.000000e+02
-0.5000,8.500000e-03,-2.700000e+00,-2.941078e-05,5.525083e-17,-1.800000e+09,3.000000e+02
-0.5000,8.550000e-03,-2.610000e+00,-2.835957e-05,5.525076e-17,-1.740000e+09,3.000000e+02
-0.5000,8.600000e-03,-2.520000e+00,-2.730898e-05,5.525070e-17,-1.680000e+09,3.000000e+02
-0.5000,8.650000e-03,-2.430000e+00,-2.625720e-05,5.525063e-17,-1.620000e+09,3.000000e+02
-0.5000,8.700000e-03,-2.340000e+00,-2.520621e-05,5.525057e-17,-1.560000e+09,3.000000e+02
-0.5000,8.750000e-03,-2.250000e+00,-2.415495e-05,5.525050e-17,-1.500000e+09,3.000000e+02
-0.5000,8.800000e-03,-2.160000e+00,-2.310333e-05,5.525043e-17,-1.440000e+09,3.000000e+02
-0.5000,8.850000e-03,-2.070000e+00,-2.205223e-05,5.525042e-17,-1.380000e+09,3.000000e+02
-0.5000,8.900000e-03,-1.980000e+00,-2.100149e-05,5.525041e-17,-1.320000e+09,3.000000e+02
-0.5000,8.950000e-03,-1.890000e+00,-1.995006e-05,5.525040e-17,-1.260000e+09,3.000000e+02
-0.5000,9.000000e-03,-1.800000e+00,-1.889909e-05,5.525039e-17,-1.200000e+09,3.000000e+02
-0.5000,9.050000e-03,-1.710000e+00,-1.784779e-05,5.525038e-17,-1.140000e+09,3.000000e+02
-0.5000,9.100000e-03,-1.620000e+00,-1.679683e-05,5.525037e-17,-1.080000e+09,3.000000e+02
-0.5000,9.150000e-03,-1.530000e+00,-1.574552e-05,5.525036e-17,-1.020000e+09,3.000000e+02
-0.5000,9.200000e-03,-1.440000e+00,-1.469411e-05,5.525035e-17,-9.600000e+08,3.000000e+02
-0.5000,9.250000e-03,-1.350000e+00,-1.364308e-05,5.525034e-17,-9.000000e+08,3.000000e+02
-0.5000,9.300000e-03,-1.260000e+00,-1.259189e-05,5.525034e-17,-8.400000e+08,3.000000e+02
-0.5000,9.350000e-03,-1.170000e+00,-1.154072e-05,5.525033e-17,-7.800000e+08,3.000000e+02
-0.5000,9.400000e-03,-1.080000e+00,-1.048942e-05,5.525032e-17,-7.200000e+08,3.000000e+02
-0.5000,9.450000e-03,-9.900000e-01,-9.438185e-06,5.525031e-17,-6.600000e+08,3.000000e+02
-0.5000,9.500000e-03,-9.000000e-01,-8.387114e-06,5.525030e-17,-6.000000e+08,3.000000e+02
-0.5000,9.550000e-03,-8.100000e-01,-7.335813e-06,5.525029e-17,-5.400000e+08,3.000000e+02
-0.5000,9.600000e-03,-7.200000e-01,-6.284806e-06,5.525028e-17,-4.800000e+08,3.000000e+02
-0.5000,9.650000e-03,-6.300000e-01,-5.233441e-06,5.525027e-17,-4.200000e+08,3.000000e+02
-0.5000,9.700000e-03,-5.400000e-01,-4.182293e-06,5.525026e-17,-3.600000e+08,3.000000e+02
-0.5000,9.750000e-03,-4.500000e-01,-3.131103e-06,5.525025e-17,-3.000000e+08,3.000000e+02
-0.5000,9.800000e-03,-3.600000e-01,-2.079919e-06,5.525024e-17,-2.400000e+08,3.000000e+02
-0.5000,9.850000e-03,-2.700000e-01,-1.028663e-06,5.524488e-17,-1.800000e+08,3.000000e+02
-0.5000,9.900000e-03,-1.800000e-01,2.256213e-08,4.882107e-17,-1.200000e+08,3.000000e+02
-0.5000,9.950000e-03,-9.000000e-02,1.073805e-06,-7.694648e-14,-6.000000e+07,3.000000e+02
-0.5000,1.000000e-02,-7.016709e-16,2.125005e-06,-7.207188e-10,-7.072728e-01,3.000000e+02
-0.9000,0.000000e+00,0.000000e+00,0.000000e+00,9.999999e-04,0.000000e+00,2.999981e+02
-0.9000,5.000000e-05,9.000000e-02,3.170588e-06,9.999377e-04,6.000000e+07,3.000000e+02
-0.9000,1.000000e-04,1.800000e-01,4.227401e-06,1.000100e-03,1.200000e+08,3.000000e+02
-0.9000,1.500000e-04,2.700000e-01,5.282662e-06,1.000406e-03,1.800000e+08,3.000000e+02
-0.9000,2.000000e-04,3.600000e-01,6.335202e-06,1.001626e-03,2.400000e+08,3.000000e+02
-0.9000,2.500000e-04,4.500000e-01,7.387776e-06,1.002845e-03,3.000000e+08,3.000000e+02
-0.9000,3.000000e-04,5.400000e-01,8.440351e-06,1.004613e-03,3.600000e+08,3.000000e+02
-0.9000,3.500000e-04,6.300000e-01,9.492887e-06,1.016386e-03,4.200000e+08,3.000000e+02
-0.9000,4.000000e-04,7.200000e-01,1.054518e-05,1.028158e-03,4.800000e+08,3.000000e+02
-0.9000,4.500000e-04,8.100000e-01,1.159772e-05,1.039931e-03,5.400000e+08,3.000000e+02
-0.9000,5.000000e-04,9.000000e-01,1.265015e-05,1.051703e-03,6.000000e+08,3.000000e+02
-0.9000,5.500000e-04,9.900000e-01,1.370260e-05,1.063476e-03,6.600000e+08,3.000000e+02
-0.9000,6.000000e-04,1.080000e+00,1.475543e-05,1.083850e-03,7.200000e+08,3.000000e+02
-0.9000,6.500000e-04,1.170000e+00,1.580987e-05,1.178323e-03,7.800000e+08,3.000000e+02
-0.9000,7.000000e-04,1.260000e+00,1.686427e-05,1.272797e-03,8.400000e+08,3.000000e+02
-0.9000,7.500000e-04,1.350000e+00,1.791843e-05,1.367270e-03,9.000000e+08,3.000000e+02
-0.9000,8.000000e-04,1.440000e+00,1.897303e-05,1.461743e-03,9.600000e+08,3.000000e+02
-0.9000,8.500000e-04,1.530000e+00,2.002766e-05,1.556216e-03,1.020000e+09,3.000000e+02
-0.9000,9.000000e-04,1.620000e+00,2.108268e-05,1.662604e-03,1.080000e+09,3.000000e+02
-0.9000,9.500000e-04,1.710000e+00,2.213991e-05,1.833444e-03,1.140000e+09,3.000000e+02
-0.9000,1.000000e-03,1.800000e+00,2.319818e-05,2.038888e-03,1.200000e+09,3.000000e+02
-0.9000,1.050000e-03,1.890000e+00,2.425874e-05,2.329611e-03,1.260000e+09,3.000000e+02
-0.9000,1.100000e-03,1.980000e+00,2.532395e-05,2.740816e-03,1.320000e+09,3.000000e+02
-0.9000,1.150000e-03,2.070000e+00,2.639326e-05,3.283251e-03,1.380000e+09,3.000000e+02
-0.9000,1.200000e-03,2.160000e+00,2.746912e-05,4.005072e-03,1.440000e+09,3.000000e+02
-0.9000,1.250000e-03,2.250000e+00,2.855459e-05,5.010283e-03,1.500000e+09,3.000000e+02
-0.9000,1.300000e-03,2.340000e+00,2.965708e-05,6.428031e-03,1.560000e+09,3.000000e+02
-0.9000,1.350000e-03,2.430000e+00,3.078147e-05,8.433649e-03,1.620000e+09,3.000000e+02
-0.9000,1.400000e-03,2.520000e+00,3.193810e-05,1.127304e-02,1.680000e+09,3.000000e+02
-0.9000,1.450000e-03,2.610000e+00,3.314569e-05,1.529350e-02,1.740000e+09,3.000000e+02
-0.9000,1.500000e-03,2.700000e+00,3.442327e-05,2.098557e-02,1.800000e+09,3.000000e+02
-0.9000,1.550000e-03,2.790000e+00,3.580784e-05,2.902462e-02,1.860000e+09,3.000000e+02
-0.9000,1.600000e-03,2.880000e+00,3.734883e-05,4.040766e-02,1.920000e+09,3.000000e+02
-0.9000,1.650000e-03,2.970000e+00,3.912331e-05,5.653214e-02,1.980000e+09,3.000000e+02
-0.9000,1.700000e-03,3.060000e+00,4.124949e-05,7.937342e-02,2.040000e+09,3.000000e+02
-0.9000,1.750000e-03,3.150000e+00,4.391449e-05,1.117249e-01,2.100000e+09,3.000000e+02
-0.9000,1.800000e-03,3.240000e+00,4.741590e-05,1.575282e-01,2.160000e+09,3.000000e+02
-0.9000,1.850000e-03,3.330000e+00,5.224718e-05,2.222903e-01,2.220000e+09,3.000000e+02
-0.9000,1.900000e-03,3.420000e+00,5.925007e-05,3.134115e-01,2.280000e+09,3.000000e+02
-0.9000,1.950000e-03,3.510000e+00,6.982263e-05,4.393082e-01,2.340000e+09,3.000000e+02
-0.9000,2.000000e-03,3.600000e+00,8.578105e-05,6.027798e-01,2.400000e+09,3.000001e+02
-0.9000,2.050000e-03,3.690000e+00,1.077750e-04,7.866613e-01,2.460000e+09,3.000001e+02
-0.9000,2.100000e-03,3.780000e+00,1.278931e-04,9.186715e-01,2.520000e+09,3.000001e+02
-0.9000,2.150000e-03,3.870000e+00,1.401681e-04,9.802333e-01,2.580000e+09,3.000001e+02
-0.9000,2.200000e-03,3.960000e+00,1.460670e-04,9.968285e-01,2.640000e+09,3.000001e+02
-0.9000,2.250000e-03,4.050000e+00,1.497693e-04,9.993969e-01,2.700000e+09,3.000001e+02
-0.9000,2.300000e-03,4.140000e+00,1.531353e-04,9.998979e-01,2.760000e+09,3.000001e+02
-0.9000,2.350000e-03,4.230000e+00,1.564290e-04,9.999585e-01,2.820000e+09,3.000001e+02
-0.9000,2.400000e-03,4.320000e+00,1.597161e-04,9.999847e-01,2.880000e+09,3.000001e+02
-0.9000,2.450000e-03,4.410000e+00,1.630014e-04,9.999926e-01,2.940000e+09,3.000001e+02
-0.9000,2.500000e-03,4.500000e+00,1.648026e-04,9.999975e-01,2.982194e+09,3.000001e+02
-0.9000,2.550000e-03,4.410000e+00,1.595072e-04,9.999969e-01,2.939201e+09,3.000001e+02
-0.9000,2.600000e-03,4.320000e+00,1.555511e-04,9.999897e-01,2.880000e+09,3.000001e+02
-0.9000,2.650000e-03,4.230000e+00,1.521360e-04,9.999833e-01,2.820000e+09,3.000001e+02
-0.9000,2.700000e-03,4.140000e+00,1.487867e-04,9.999770e-01,2.760000e+09,3.000001e+02
-0.9000,2.750000e-03,4.050000e+00,1.455001e-04,9.999633e-01,2.700000e+09,3.000001e+02
-0.9000,2.800000e-03,3.960000e+00,1.422347e-04,9.999467e-01,2.640000e+09,3.000001e+02
-0.9000,2.850000e-03,3.870000e+00,1.389690e-04,9.999302e-01,2.580000e+09,3.000001e+02
-0.9000,2.900000e-03,3.780000e+00,1.357036e-04,9.999137e-01,2.520000e+09,3.000001e+02
-0.9000,2.950000e-03,3.690000e+00,1.324281e-04,9.998635e-01,2.460000e+09,3.000001e+02
-0.9000,3.000000e-03,3.600000e+00,1.291384e-04,9.997690e-01,2.400000e+09,3.000001e+02
-0.9000,3.050000e-03,3.510000e+00,1.258484e-04,9.996745e-01,2.340000e+09,3.000001e+02
-0.9000,3.100000e-03,3.420000e+00,1.225586e-04,9.995801e-01,2.280000e+09,3.000001e+02
-0.9000,3.150000e-03,3.330000e+00,1.192693e-04,9.994856e-01,2.220000e+09,3.000001e+02
-0.9000,3.200000e-03,3.240000e+00,1.159793e-04,9.993911e-01,2.160000e+09,3.000001e+02
-0.9000,3.250000e-03,3.150000e+00,1.126896e-04,9.992966e-01,2.100000e+09,3.000001e+02
-0.9000,3.300000e-03,3.060000e+00,1.094000e-04,9.992022e-01,2.040000e+09,3.000001e+02
-0.9000,3.350000e-03,2.970000e+00,1.061102e-04,9.991077e-01,1.980000e+09,3.000001e+02
-0.9000,3.400000e-03,2.880000e+00,1.028208e-04,9.989610e-01,1.920000e+09,3.000001e+02
-0.9000,3.450000e-03,2.790000e+00,9.953211e-05,9.988041e-01,1.860000e+09,3.000001e+02
-0.9000,3.500000e-03,2.700000e+00,9.624263e-05,9.986472e-01,1.800000e+09,3.000001e+02
-0.9000,3.550000e-03,2.610000e+00,9.295427e-05,9.984902e-01,1.740000e+09,3.000000e+02
-0.9000,3.600000e-03,2.520000e+00,8.966541e-05,9.983333e-01,1.680000e+09,3.000000e+02
-0.9000,3.650000e-03,2.430000e+00,8.637628e-05,9.981764e-01,1.620000e+09,3.000000e+02
-0.9000,3.700000e-03,2.340000e+00,8.308779e-05,9.980195e-01,1.560000e+09,3.000000e+02
-0.9000,3.750000e-03,2.250000e+00,7.979802e-05,9.978626e-01,1.500000e+09,3.000000e+02
-0.9000,3.800000e-03,2.160000e+00,7.650959e-05,9.977057e-01,1.440000e+09,3.000000e+02
-0.9000,3.850000e-03,2.070000e+00,7.322073e-05,9.975488e-01,1.380000e+09,3.000000e+02
-0.9000,3.900000e-03,1.980000e+00,6.993131e-05,9.973919e-01,1.320000e+09,3.000000e+02
-0.9000,3.950000e-03,1.890000e+00,6.664267e-05,9.972350e-01,1.260000e+09,3.000000e+02
-0.9000,4.000000e-03,1.800000e+00,6.335394e-05,9.970780e-01,1.200000e+09,3.000000e+02
-0.9000,4.050000e-03,1.710000e+00,6.006508e-05,9.969211e-01,1.140000e+09,3.000000e+02
-0.9000,4.100000e-03,1.620000e+00,5.677599e-05,9.967642e-01,1.080000e+09,3.000000e+02
-0.9000,4.150000e-03,1.530000e+00,5.348680e-05,9.966073e-01,1.020000e+09,3.000000e+02
-0.9000,4.200000e-03,1.440000e+00,5.019810e-05,9.964504e-01,9.600000e+08,3.000000e+02
-0.9000,4.250000e-03,1.350000e+00,4.692182e-05,9.962929e-01,9.000000e+08,3.000000e+02
-0.9000,4.300000e-03,1.260000e+00,4.365242e-05,9.961352e-01,8.400000e+08,3.000000e+02
-0.9000,4.350000e-03,1.170000e+00,4.038302e-05,9.959774e-01,7.800000e+08,3.000000e+02
-0.9000,4.400000e-03,1.080000e+00,3.711357e-05,9.958196e-01,7.200000e+08,3.000000e+02
-0.9000,4.450000e-03,9.900000e-01,3.384425e-05,9.956618e-01,6.600000e+08,3.000000e+02
-0.9000,4.500000e-03,9.000000e-01,3.057475e-05,9.955041e-01,6.000000e+08,3.000000e+02
-0.9000,4.550000e-03,8.100000e-01,2.730543e-05,9.953463e-01,5.400000e+08,3.000000e+02
-0.9000,4.600000e-03,7.200000e-01,2.403613e-05,9.951885e-01,4.800000e+08,3.000000e+02
-0.9000,4.650000e-03,6.300000e-01,2.076654e-05,9.950308e-01,4.200000e+08,3.000000e+02
-0.9000,4.700000e-03,5.400000e-01,1.749726e-05,9.948730e-01,3.600000e+08,3.000000e+02
-0.9000,4.750000e-03,4.500000e-01,1.422782e-05,9.947152e-01,3.000000e+08,3.000000e+02
-0.9000,4.800000e-03,3.600000e-01,1.095850e-05,9.945574e-01,2.400000e+08,3.000000e+02
-0.9000,4.850000e-03,2.700000e-01,7.689051e-06,9.943997e-01,1.800000e+08,3.000000e+02
-0.9000,4.900000e-03,1.800000e-01,4.419635e-06,9.942419e-01,1.200000e+08,3.000000e+02
-0.9000,4.950000e-03,9.000000e-02,1.150340e-06,9.940841e-01,6.000000e+07,3.000000e+02
-0.9000,5.000000e-03,3.508355e-16,-2.119107e-06,9.939263e-01,7.053063e-01,3.000000e+02
-0.9000,5.050000e-03,-9.000000e-02,-5.388485e-06,9.937686e-01,-6.000000e+07,3.000000e+02
-0.9000,5.100000e-03,-1.800000e-01,-8.657861e-06,9.936108e-01,-1.200000e+08,3.000000e+02
-0.9000,5.150000e-03,-2.700000e-01,-1.192721e-05,9.934530e-01,-1.800000e+08,3.000000e+02
-0.9000,5.200000e-03,-3.600000e-01,-1.519666e-05,9.932953e-01,-2.400000e+08,3.000000e+02
-0.9000,5.250000e-03,-4.500000e-01,-1.839573e-05,9.925498e-01,-3.000000e+08,3.000000e+02
-0.9000,5.300000e-03,-5.400000e-01,-2.155603e-05,9.914826e-01,-3.600000e+08,3.000000e+02
-0.9000,5.350000e-03,-6.300000e-01,-2.471640e-05,9.904153e-01,-4.200000e+08,3.000000e+02
-0.9000,5.400000e-03,-7.200000e-01,-2.787657e-05,9.893481e-01,-4.800000e+08,3.000000e+02
-0.9000,5.450000e-03,-8.100000e-01,-3.103728e-05,9.882808e-01,-5.400000e+08,3.000000e+02
-0.9000,5.500000e-03,-9.000000e-01,-3.419741e-05,9.872136e-01,-6.000000e+08,3.000000e+02
-0.9000,5.550000e-03,-9.900000e-01,-3.735777e-05,9.861464e-01,-6.600000e+08,3.000000e+02
-0.9000,5.600000e-03,-1.080000e+00,-4.051799e-05,9.850791e-01,-7.200000e+08,3.000000e+02
-0.9000,5.650000e-03,-1.170000e+00,-4.367840e-05,9.840119e-01,-7.800000e+08,3.000000e+02
-0.9000,5.700000e-03,-1.260000e+00,-4.683892e-05,9.829447e-01,-8.400000e+08,3.000000e+02
-0.9000,5.750000e-03,-1.350000e+00,-4.999893e-05,9.818774e-01,-9.000000e+08,3.000000e+02
-0.9000,5.800000e-03,-1.440000e+00,-5.315953e-05,9.808102e-01,-9.600000e+08,3.000000e+02
-0.9000,5.850000e-03,-1.530000e+00,-5.631982e-05,9.797429e-01,-1.020000e+09,3.000000e+02
-0.9000,5.900000e-03,-1.620000e+00,-5.948032e-05,9.786757e-01,-1.080000e+09,3.000000e+02
-0.9000,5.950000e-03,-1.710000e+00,-6.264050e-05,9.776085e-01,-1.140000e+09,3.000000e+02
-0.9000,6.000000e-03,-1.800000e+00,-6.580095e-05,9.765412e-01,-1.200000e+09,3.000000e+02
-0.9000,6.050000e-03,-1.890000e+00,-6.896113e-05,9.754740e-01,-1.260000e+09,3.000000e+02
-0.9000,6.100000e-03,-1.980000e+00,-7.212167e-05,9.744067e-01,-1.320000e+09,3.000000e+02
-0.9000,6.150000e-03,-2.070000e+00,-7.528211e-05,9.733395e-01,-1.380000e+09,3.000000e+02
-0.9000,6.200000e-03,-2.160000e+00,-7.844236e-05,9.722723e-01,-1.440000e+09,3.000000e+02
-0.9000,6.250000e-03,-2.250000e+00,-8.150522e-05,9.711909e-01,-1.500000e+09,3.000000e+02
-0.9000,6.300000e-03,-2.340000e+00,-8.451391e-05,9.701017e-01,-1.560000e+09,3.000000e+02
-0.9000,6.350000e-03,-2.430000e+00,-8.752223e-05,9.690126e-01,-1.620000e+09,3.000000e+02
-0.9000,6.400000e-03,-2.520000e+00,-9.053155e-05,9.679234e-01,-1.680000e+09,3.000000e+02
-0.9000,6.450000e-03,-2.610000e+00,-9.353994e-05,9.668343e-01,-1.740000e+09,3.000000e+02
-0.9000,6.500000e-03,-2.700000e+00,-9.654836e-05,9.657451e-01,-1.800000e+09,3.000001e+02
-0.9000,6.550000e-03,-2.790000e+00,-9.955701e-05,9.646559e-01,-1.860000e+09,3.000001e+02
-0.9000,6.600000e-03,-2.880000e+00,-1.025653e-04,9.635668e-01,-1.920000e+09,3.000001e+02
-0.9000,6.650000e-03,-2.970000e+00,-1.055742e-04,9.624776e-01,-1.980000e+09,3.000001e+02
-0.9000,6.700000e-03,-3.060000e+00,-1.085833e-04,9.613885e-01,-2.040000e+09,3.000001e+02
-0.9000,6.750000e-03,-3.150000e+00,-1.115914e-04,9.602993e-01,-2.100000e+09,3.000001e+02
-0.9000,6.800000e-03,-3.240000e+00,-1.146004e-04,9.592102e-01,-2.160000e+09,3.000001e+02
-0.9000,6.850000e-03,-3.330000e+00,-1.176086e-04,9.581210e-01,-2.220000e+09,3.000001e+02
-0.9000,6.900000e-03,-3.420000e+00,-1.206175e-04,9.570319e-01,-2.280000e+09,3.000001e+02
-0.9000,6.950000e-03,-3.510000e+00,-1.236261e-04,9.559427e-01,-2.340000e+09,3.000001e+02
-0.9000,7.000000e-03,-3.600000e+00,-1.266346e-04,9.548536e-01,-2.400000e+09,3.000001e+02
-0.9000,7.050000e-03,-3.690000e+00,-1.296436e-04,9.537644e-01,-2.460000e+09,3.000001e+02
-0.9000,7.100000e-03,-3.780000e+00,-1.326520e-04,9.526753e-01,-2.520000e+09,3.000001e+02
-0.9000,7.150000e-03,-3.870000e+00,-1.356607e-04,9.515861e-01,-2.580000e+09,3.000001e+02
-0.9000,7.200000e-03,-3.960000e+00,-1.386692e-04,9.504969e-01,-2.640000e+09,3.000001e+02
-0.9000,7.250000e-03,-4.050000e+00,-1.416113e-04,9.493878e-01,-2.700000e+09,3.000001e+02
-0.9000,7.300000e-03,-4.140000e+00,-1.445147e-04,9.482677e-01,-2.760000e+09,3.000001e+02
-0.9000,7.350000e-03,-4.230000e+00,-1.474181e-04,9.471476e-01,-2.820000e+09,3.000001e+02
-0.9000,7.400000e-03,-4.320000e+00,-1.503214e-04,9.460275e-01,-2.880000e+09,3.000001e+02
-0.9000,7.450000e-03,-4.410000e+00,-1.532259e-04,9.449074e-01,-2.940000e+09,3.000001e+02
-0.9000,7.500000e-03,-4.500000e+00,-1.902053e-04,9.435699e-01,-2.942500e+09,3.000002e+02
-0.9000,7.550000e-03,-4.410000e+00,-2.458426e-04,9.421133e-01,-2.913517e+09,3.000002e+02
-0.9000,7.600000e-03,-4.320000e+00,-8.220624e-05,4.502859e-01,-2.880000e+09,3.000001e+02
-0.9000,7.650000e-03,-4.230000e+00,-4.728379e-05,9.327101e-06,-2.820000e+09,3.000000e+02
-0.9000,7.700000e-03,-4.140000e+00,-4.622925e-05,2.251913e-09,-2.760000e+09,3.000000e+02
-0.9000,7.750000e-03,-4.050000e+00,-4.518083e-05,6.130129e-12,-2.700000e+09,3.000000e+02
-0.9000,7.800000e-03,-3.960000e+00,-4.412817e-05,9.771207e-14,-2.640000e+09,3.000000e+02
-0.9000,7.850000e-03,-3.870000e+00,-4.307694e-05,5.115054e-15,-2.580000e+09,3.000000e+02
-0.9000,7.900000e-03,-3.780000e+00,-4.202649e-05,6.497004e-16,-2.520000e+09,3.000000e+02
-0.9000,7.950000e-03,-3.690000e+00,-4.097490e-05,1.525181e-16,-2.460000e+09,3.000000e+02
-0.9000,8.000000e-03,-3.600000e+00,-3.992278e-05,5.375216e-17,-2.400000e+09,3.000000e+02
-0.9000,8.050000e-03,-3.510000e+00,-3.887163e-05,5.292500e-17,-2.340000e+09,3.000000e+02
-0.9000,8.100000e-03,-3.420000e+00,-3.782077e-05,5.291647e-17,-2.280000e+09,3.000000e+02
-0.9000,8.150000e-03,-3.330000e+00,-3.676862e-05,5.290804e-17,-2.220000e+09,3.000000e+02
-0.9000,8.200000e-03,-3.240000e+00,-3.571701e-05,5.289962e-17,-2.160000e+09,3.000000e+02
-0.9000,8.250000e-03,-3.150000e+00,-3.466595e-05,5.289124e-17,-2.100000e+09,3.000000e+02
-0.9000,8.300000e-03,-3.060000e+00,-3.361534e-05,5.288287e-17,-2.040000e+09,3.000000e+02
-0.9000,8.350000e-03,-2.970000e+00,-3.256401e-05,5.287450e-17,-1.980000e+09,3.000000e+02
-0.9000,8.400000e-03,-2.880000e+00,-3.151297e-05,5.286612e-17,-1.920000e+09,3.000000e+02
-0.9000,8.450000e-03,-2.790000e+00,-3.046171e-05,5.285777e-17,-1.860000e+09,3.000000e+02
-0.9000,8.500000e-03,-2.700000e+00,-2.940985e-05,5.284942e-17,-1.800000e+09,3.000000e+02
-0.9000,8.550000e-03,-2.610000e+00,-2.835956e-05,5.284107e-17,-1.740000e+09,3.000000e+02
-0.9000,8.600000e-03,-2.520000e+00,-2.730834e-05,5.283272e-17,-1.680000e+09,3.000000e+02
-0.9000,8.650000e-03,-2.430000e+00,-2.625683e-05,5.282437e-17,-1.620000e+09,3.000000e+02
-0.9000,8.700000e-03,-2.340000e+00,-2.520559e-05,5.281601e-17,-1.560000e+09,3.000000e+02
-0.9000,8.750000e-03,-2.250000e+00,-2.415502e-05,5.280766e-17,-1.500000e+09,3.000000e+02
-0.9000,8.800000e-03,-2.160000e+00,-2.310398e-05,5.279931e-17,-1.440000e+09,3.000000e+02
-0.9000,8.850000e-03,-2.070000e+00,-2.205253e-05,5.279097e-17,-1.380000e+09,3.000000e+02
-0.9000,8.900000e-03,-1.980000e+00,-2.100200e-05,5.278265e-17,-1.320000e+09,3.000000e+02
-0.9000,8.950000e-03,-1.890000e+00,-1.995041e-05,5.277432e-17,-1.260000e+09,3.000000e+02
-0.9000,9.000000e-03,-1.800000e+00,-1.889936e-05,5.276599e-17,-1.200000e+09,3.000000e+02
-0.9000,9.050000e-03,-1.710000e+00,-1.784799e-05,5.275766e-17,-1.140000e+09,3.000000e+02
-0.9000,9.100000e-03,-1.620000e+00,-1.679686e-05,5.274933e-17,-1.080000e+09,3.000000e+02
-0.9000,9.150000e-03,-1.530000e+00,-1.574547e-05,5.274100e-17,-1.020000e+09,3.000000e+02
-0.9000,9.200000e-03,-1.440000e+00,-1.469478e-05,5.273267e-17,-9.600000e+08,3.000000e+02
-0.9000,9.250000e-03,-1.350000e+00,-1.364338e-05,5.272435e-17,-9.000000e+08,3.000000e+02
-0.9000,9.300000e-03,-1.260000e+00,-1.259205e-05,5.271602e-17,-8.400000e+08,3.000000e+02
-0.9000,9.350000e-03,-1.170000e+00,-1.154098e-05,5.270769e-17,-7.800000e+08,3.000000e+02
-0.9000,9.400000e-03,-1.080000e+00,-1.048943e-05,5.269936e-17,-7.200000e+08,3.000000e+02
-0.9000,9.450000e-03,-9.900000e-01,-9.438396e-06,5.269103e-17,-6.600000e+08,3.000000e+02
-0.9000,9.500000e-03,-9.000000e-01,-8.387180e-06,5.268270e-17,-6.000000e+08,3.000000e+02
-0.9000,9.550000e-03,-8.100000e-01,-7.336162e-06,5.267438e-17,-5.400000e+08,3.000000e+02
-0.9000,9.600000e-03,-7.200000e-01,-6.284925e-06,5.266605e-17,-4.800000e+08,3.000000e+02
-0.9000,9.650000e-03,-6.300000e-01,-5.233609e-06,5.265772e-17,-4.200000e+08,3.000000e+02
-0.9000,9.700000e-03,-5.400000e-01,-4.182322e-06,5.264939e-17,-3.600000e+08,3.000000e+02
-0.9000,9.750000e-03,-4.500000e-01,-3.130963e-06,5.264107e-17,-3.000000e+08,3.000000e+02
-0.9000,9.800000e-03,-3.600000e-01,-2.079757e-06,5.263275e-17,-2.400000e+08,3.000000e+02
-0.9000,9.850000e-03,-2.700000e-01,-1.028583e-06,5.262438e-17,-1.800000e+08,3.000000e+02
-0.9000,9.900000e-03,-1.800000e-01,2.256062e-08,4.944451e-17,-1.200000e+08,3.000000e+02
-0.9000,9.950000e-03,-9.000000e-02,1.073818e-06,-7.671074e-14,-6.000000e+07,3.000000e+02
-0.9000,1.000000e-02,-7.016709e-16,2.125005e-06,-7.212157e-10,-7.072721e-01,3.000000e+02
-1.100,0.000000e+00,0.000000e+00,0.000000e+00,9.999411e-04,0.000000e+00,2.999981e+02
-1.100,5.000000e-05,9.000000e-02,3.170717e-06,8.671634e-04,6.000000e+07,3.000000e+02
-1.100,1.000000e-04,1.800000e-01,4.227407e-06,7.593008e-04,1.200000e+08,3.000000e+02
-1.100,1.500000e-04,2.700000e-01,5.278597e-06,6.624080e-04,1.800000e+08,3.000000e+02
-1.100,2.000000e-04,3.600000e-01,6.329748e-06,5.828568e-04,2.400000e+08,3.000000e+02
-1.100,2.500000e-04,4.500000e-01,7.380997e-06,5.112829e-04,3.000000e+08,3.000000e+02
-1.100,3.000000e-04,5.400000e-01,8.432224e-06,4.467853e-04,3.600000e+08,3.000000e+02
-1.100,3.500000e-04,6.300000e-01,9.483490e-06,3.902468e-04,4.200000e+08,3.000000e+02
-1.100,4.000000e-04,7.200000e-01,1.053447e-05,3.400477e-04,4.800000e+08,3.000000e+02
-1.100,4.500000e-04,8.100000e-01,1.158565e-05,2.962727e-04,5.400000e+08,3.000000e+02
-1.100,5.000000e-04,9.000000e-01,1.263680e-05,2.602228e-04,6.000000e+08,3.000000e+02
-1.100,5.500000e-04,9.900000e-01,1.368800e-05,2.312242e-04,6.600000e+08,3.000000e+02
-1.100,6.000000e-04,1.080000e+00,1.473929e-05,2.094803e-04,7.200000e+08,3.000000e+02
-1.100,6.500000e-04,1.170000e+00,1.579014e-05,1.972369e-04,7.800000e+08,3.000000e+02
-1.100,7.000000e-04,1.260000e+00,1.684159e-05,1.933135e-04,8.400000e+08,3.000000e+02
-1.100,7.500000e-04,1.350000e+00,1.789298e-05,1.977099e-04,9.000000e+08,3.000000e+02
-1.100,8.000000e-04,1.440000e+00,1.894436e-05,2.146520e-04,9.600000e+08,3.000000e+02
-1.100,8.500000e-04,1.530000e+00,1.999548e-05,2.500337e-04,1.020000e+09,3.000000e+02
-1.100,9.000000e-04,1.620000e+00,2.104672e-05,2.989530e-04,1.080000e+09,3.000000e+02
-1.100,9.500000e-04,1.710000e+00,2.209728e-05,3.889928e-04,1.140000e+09,3.000000e+02
-1.100,1.000000e-03,1.800000e+00,2.314836e-05,5.125174e-04,1.200000e+09,3.000000e+02
-1.100,1.050000e-03,1.890000e+00,2.419945e-05,6.808230e-04,1.260000e+09,3.000000e+02
-1.100,1.100000e-03,1.980000e+00,2.525144e-05,9.156898e-04,1.320000e+09,3.000000e+02
-1.100,1.150000e-03,2.070000e+00,2.630237e-05,1.264554e-03,1.380000e+09,3.000000e+02
-1.100,1.200000e-03,2.160000e+00,2.735318e-05,1.754551e-03,1.440000e+09,3.000000e+02
-1.100,1.250000e-03,2.250000e+00,2.840350e-05,2.445230e-03,1.500000e+09,3.000000e+02
-1.100,1.300000e-03,2.340000e+00,2.945458e-05,3.422638e-03,1.560000e+09,3.000000e+02
-1.100,1.350000e-03,2.430000e+00,3.050489e-05,4.808532e-03,1.620000e+09,3.000000e+02
-1.100,1.400000e-03,2.520000e+00,3.155446e-05,6.772630e-03,1.680000e+09,3.000000e+02
-1.100,1.450000e-03,2.610000e+00,3.260346e-05,9.552286e-03,1.740000e+09,3.000000e+02
-1.100,1.500000e-03,2.700000e+00,3.365224e-05,1.349355e-02,1.800000e+09,3.000000e+02
-1.100,1.550000e-03,2.790000e+00,3.469993e-05,1.907727e-02,1.860000e+09,3.000000e+02
-1.100,1.600000e-03,2.880000e+00,3.574611e-05,2.698348e-02,1.920000e+09,3.000000e+02
-1.100,1.650000e-03,2.970000e+00,3.678925e-05,3.817262e-02,1.980000e+09,3.000000e+02
-1.100,1.700000e-03,3.060000e+00,3.782876e-05,5.402159e-02,2.040000e+09,3.000000e+02
-1.100,1.750000e-03,3.150000e+00,3.886181e-05,7.654035e-02,2.100000e+09,3.000000e+02
-1.100,1.800000e-03,3.240000e+00,3.988755e-05,1.084436e-01,2.160000e+09,3.000000e+02
-1.100,1.850000e-03,3.330000e+00,4.090272e-05,1.536154e-01,2.220000e+09,3.000000e+02
-1.100,1.900000e-03,3.420000e+00,4.190176e-05,2.174671e-01,2.280000e+09,3.000000e+02
-1.100,1.950000e-03,3.510000e+00,4.287679e-05,3.072030e-01,2.340000e+09,3.000000e+02
-1.100,2.000000e-03,3.600000e+00,4.382052e-05,4.307195e-01,2.400000e+09,3.000000e+02
-1.100,2.050000e-03,3.690000e+00,4.473082e-05,5.893917e-01,2.460000e+09,3.000000e+02
-1.100,2.100000e-03,3.780000e+00,4.562550e-05,7.590078e-01,2.520000e+09,3.000000e+02
-1.100,2.150000e-03,3.870000e+00,4.655271e-05,8.836116e-01,2.580000e+09,3.000000e+02
-1.100,2.200000e-03,3.960000e+00,4.753104e-05,9.447902e-01,2.640000e+09,3.000000e+02
-1.100,2.250000e-03,4.050000e+00,4.854292e-05,9.681478e-01,2.700000e+09,3.000000e+02
-1.100,2.300000e-03,4.140000e+00,4.956537e-05,9.774906e-01,2.760000e+09,3.000000e+02
-1.100,2.350000e-03,4.230000e+00,5.059144e-05,9.837785e-01,2.820000e+09,3.000000e+02
-1.100,2.400000e-03,4.320000e+00,5.161791e-05,9.885247e-01,2.880000e+09,3.000000e+02
-1.100,2.450000e-03,4.410000e+00,5.264553e-05,9.918952e-01,2.940000e+09,3.000000e+02
-1.100,2.500000e-03,4.500000e+00,5.337233e-05,9.944032e-01,2.993613e+09,3.000000e+02
-1.100,2.550000e-03,4.410000e+00,4.900131e-05,9.937460e-01,2.939406e+09,3.000000e+02
-1.100,2.600000e-03,4.320000e+00,4.739543e-05,9.896638e-01,2.879995e+09,3.000000e+02
-1.100,2.650000e-03,4.230000e+00,4.634427e-05,9.843575e-01,2.819997e+09,3.000000e+02
-1.100,2.700000e-03,4.140000e+00,4.531478e-05,9.789707e-01,2.760000e+09,3.000000e+02
-1.100,2.750000e-03,4.050000e+00,4.429283e-05,9.686889e-01,2.700000e+09,3.000000e+02
-1.100,2.800000e-03,3.960000e+00,4.326994e-05,9.580982e-01,2.640000e+09,3.000000e+02
-1.100,2.850000e-03,3.870000e+00,4.225380e-05,9.402399e-01,2.580000e+09,3.000000e+02
-1.100,2.900000e-03,3.780000e+00,4.123898e-05,9.196574e-01,2.520000e+09,3.000000e+02
-1.100,2.950000e-03,3.690000e+00,4.022895e-05,8.920414e-01,2.460000e+09,3.000000e+02
-1.100,3.000000e-03,3.600000e+00,3.922405e-05,8.577767e-01,2.400000e+09,3.000000e+02
-1.100,3.050000e-03,3.510000e+00,3.822237e-05,8.172430e-01,2.340000e+09,3.000000e+02
-1.100,3.100000e-03,3.420000e+00,3.722379e-05,7.709709e-01,2.280000e+09,3.000000e+02
-1.100,3.150000e-03,3.330000e+00,3.622740e-05,7.180989e-01,2.220000e+09,3.000000e+02
-1.100,3.200000e-03,3.240000e+00,3.523074e-05,6.629960e-01,2.160000e+09,3.000000e+02
-1.100,3.250000e-03,3.150000e+00,3.423357e-05,6.058729e-01,2.100000e+09,3.000000e+02
-1.100,3.300000e-03,3.060000e+00,3.323359e-05,5.496325e-01,2.040000e+09,3.000000e+02
-1.100,3.350000e-03,2.970000e+00,3.222978e-05,4.949809e-01,1.980000e+09,3.000000e+02
-1.100,3.400000e-03,2.880000e+00,3.122395e-05,4.428052e-01,1.920000e+09,3.000000e+02
-1.100,3.450000e-03,2.790000e+00,3.021067e-05,3.954549e-01,1.860000e+09,3.000000e+02
-1.100,3.500000e-03,2.700000e+00,2.919527e-05,3.511064e-01,1.800000e+09,3.000000e+02
-1.100,3.550000e-03,2.610000e+00,2.817571e-05,3.104042e-01,1.740000e+09,3.000000e+02
-1.100,3.600000e-03,2.520000e+00,2.715240e-05,2.730706e-01,1.680000e+09,3.000000e+02
-1.100,3.650000e-03,2.430000e+00,2.612609e-05,2.390685e-01,1.620000e+09,3.000000e+02
-1.100,3.700000e-03,2.340000e+00,2.509479e-05,2.081867e-01,1.560000e+09,3.000000e+02
-1.100,3.750000e-03,2.250000e+00,2.406269e-05,1.807100e-01,1.500000e+09,3.000000e+02
-1.100,3.800000e-03,2.160000e+00,2.302723e-05,1.565287e-01,1.440000e+09,3.000000e+02
-1.100,3.850000e-03,2.070000e+00,2.198899e-05,1.354167e-01,1.380000e+09,3.000000e+02
-1.100,3.900000e-03,1.980000e+00,2.094908e-05,1.165738e-01,1.320000e+09,3.000000e+02
-1.100,3.950000e-03,1.890000e+00,1.990662e-05,1.004247e-01,1.260000e+09,3.000000e+02
-1.100,4.000000e-03,1.800000e+00,1.886339e-05,8.635385e-02,1.200000e+09,3.000000e+02
-1.100,4.050000e-03,1.710000e+00,1.781872e-05,7.397535e-02,1.140000e+09,3.000000e+02
-1.100,4.100000e-03,1.620000e+00,1.677315e-05,6.361811e-02,1.080000e+09,3.000000e+02
-1.100,4.150000e-03,1.530000e+00,1.572662e-05,5.446029e-02,1.020000e+09,3.000000e+02
-1.100,4.200000e-03,1.440000e+00,1.467926e-05,4.672439e-02,9.600000e+08,3.000000e+02
-1.100,4.250000e-03,1.350000e+00,1.363116e-05,4.011142e-02,9.000000e+08,3.000000e+02
-1.100,4.300000e-03,1.260000e+00,1.258212e-05,3.440584e-02,8.400000e+08,3.000000e+02
-1.100,4.350000e-03,1.170000e+00,1.153248e-05,2.955954e-02,7.800000e+08,3.000000e+02
-1.100,4.400000e-03,1.080000e+00,1.048300e-05,2.538872e-02,7.200000e+08,3.000000e+02
-1.100,4.450000e-03,9.900000e-01,9.433197e-06,2.180666e-02,6.600000e+08,3.000000e+02
-1.100,4.500000e-03,9.000000e-01,8.382997e-06,1.874568e-02,6.000000e+08,3.000000e+02
-1.100,4.550000e-03,8.100000e-01,7.332832e-06,1.608845e-02,5.400000e+08,3.000000e+02
-1.100,4.600000e-03,7.200000e-01,6.282271e-06,1.384048e-02,4.800000e+08,3.000000e+02
-1.100,4.650000e-03,6.300000e-01,5.231650e-06,1.187042e-02,4.200000e+08,3.000000e+02
-1.100,4.700000e-03,5.400000e-01,4.180973e-06,1.020924e-02,3.600000e+08,3.000000e+02
-1.100,4.750000e-03,4.500000e-01,3.130121e-06,8.758363e-03,3.000000e+08,3.000000e+02
-1.100,4.800000e-03,3.600000e-01,2.079421e-06,7.530072e-03,2.400000e+08,3.000000e+02
-1.100,4.850000e-03,2.700000e-01,1.028235e-06,6.462313e-03,1.800000e+08,3.000000e+02
-1.100,4.900000e-03,1.800000e-01,-2.281556e-08,5.553565e-03,1.200000e+08,3.000000e+02
-1.100,4.950000e-03,9.000000e-02,-1.073932e-06,4.768369e-03,6.000000e+07,3.000000e+02
-1.100,5.000000e-03,3.508355e-16,-2.125032e-06,4.095599e-03,7.072716e-01,3.000000e+02
-1.100,5.050000e-03,-9.000000e-02,-3.176159e-06,3.518726e-03,-6.000000e+07,3.000000e+02
-1.100,5.100000e-03,-1.800000e-01,-4.227297e-06,3.020351e-03,-1.200000e+08,3.000000e+02
-1.100,5.150000e-03,-2.700000e-01,-5.278546e-06,2.596945e-03,-1.800000e+08,3.000000e+02
-1.100,5.200000e-03,-3.600000e-01,-6.329808e-06,2.227481e-03,-2.400000e+08,3.000000e+02
-1.100,5.250000e-03,-4.500000e-01,-7.380866e-06,1.915639e-03,-3.000000e+08,3.000000e+02
-1.100,5.300000e-03,-5.400000e-01,-8.431990e-06,1.642860e-03,-3.600000e+08,3.000000e+02
-1.100,5.350000e-03,-6.300000e-01,-9.483201e-06,1.412494e-03,-4.200000e+08,3.000000e+02
-1.100,5.400000e-03,-7.200000e-01,-1.053439e-05,1.211787e-03,-4.800000e+08,3.000000e+02
-1.100,5.450000e-03,-8.100000e-01,-1.158556e-05,1.041494e-03,-5.400000e+08,3.000000e+02
-1.100,5.500000e-03,-9.000000e-01,-1.263691e-05,8.939175e-04,-6.000000e+08,3.000000e+02
-1.100,5.550000e-03,-9.900000e-01,-1.368817e-05,7.679367e-04,-6.600000e+08,3.000000e+02
-1.100,5.600000e-03,-1.080000e+00,-1.473930e-05,6.595022e-04,-7.200000e+08,3.000000e+02
-1.100,5.650000e-03,-1.170000e+00,-1.579018e-05,5.662249e-04,-7.800000e+08,3.000000e+02
-1.100,5.700000e-03,-1.260000e+00,-1.684160e-05,4.866056e-04,-8.400000e+08,3.000000e+02
-1.100,5.750000e-03,-1.350000e+00,-1.789291e-05,4.174761e-04,-9.000000e+08,3.000000e+02
-1.100,5.800000e-03,-1.440000e+00,-1.894431e-05,3.590013e-04,-9.600000e+08,3.000000e+02
-1.100,5.850000e-03,-1.530000e+00,-1.999571e-05,3.077621e-04,-1.020000e+09,3.000000e+02
-1.100,5.900000e-03,-1.620000e+00,-2.104632e-05,2.645524e-04,-1.080000e+09,3.000000e+02
-1.100,5.950000e-03,-1.710000e+00,-2.209787e-05,2.268064e-04,-1.140000e+09,3.000000e+02
-1.100,6.000000e-03,-1.800000e+00,-2.314901e-05,1.948354e-04,-1.200000e+09,3.000000e+02
-1.100,6.050000e-03,-1.890000e+00,-2.420010e-05,1.670229e-04,-1.260000e+09,3.000000e+02
-1.100,6.100000e-03,-1.980000e+00,-2.525139e-05,1.433202e-04,-1.320000e+09,3.000000e+02
-1.100,6.150000e-03,-2.070000e+00,-2.630277e-05,1.228049e-04,-1.380000e+09,3.000000e+02
-1.100,6.200000e-03,-2.160000e+00,-2.735427e-05,1.051744e-04,-1.440000e+09,3.000000e+02
-1.100,6.250000e-03,-2.250000e+00,-2.840579e-05,9.000013e-05,-1.500000e+09,3.000000e+02
-1.100,6.300000e-03,-2.340000e+00,-2.945651e-05,7.681190e-05,-1.560000e+09,3.000000e+02
-1.100,6.350000e-03,-2.430000e+00,-3.050768e-05,6.552232e-05,-1.620000e+09,3.000000e+02
-1.100,6.400000e-03,-2.520000e+00,-3.155861e-05,5.556052e-05,-1.680000e+09,3.000000e+02
-1.100,6.450000e-03,-2.610000e+00,-3.261037e-05,4.702869e-05,-1.740000e+09,3.000000e+02
-1.100,6.500000e-03,-2.700000e+00,-3.366100e-05,3.942344e-05,-1.800000e+09,3.000000e+02
-1.100,6.550000e-03,-2.790000e+00,-3.471188e-05,3.283546e-05,-1.860000e+09,3.000000e+02
-1.100,6.600000e-03,-2.880000e+00,-3.576356e-05,2.692608e-05,-1.920000e+09,3.000000e+02
-1.100,6.650000e-03,-2.970000e+00,-3.681428e-05,2.172718e-05,-1.980000e+09,3.000000e+02
-1.100,6.700000e-03,-3.060000e+00,-3.786515e-05,1.706083e-05,-2.040000e+09,3.000000e+02
-1.100,6.750000e-03,-3.150000e+00,-3.891694e-05,1.294765e-05,-2.100000e+09,3.000000e+02
-1.100,6.800000e-03,-3.240000e+00,-3.996822e-05,9.339139e-06,-2.160000e+09,3.000000e+02
-1.100,6.850000e-03,-3.330000e+00,-4.102035e-05,6.298586e-06,-2.220000e+09,3.000000e+02
-1.100,6.900000e-03,-3.420000e+00,-4.207177e-05,3.839173e-06,-2.280000e+09,3.000000e+02
-1.100,6.950000e-03,-3.510000e+00,-4.312180e-05,2.026810e-06,-2.340000e+09,3.000000e+02
-1.100,7.000000e-03,-3.600000e+00,-4.417245e-05,8.561759e-07,-2.400000e+09,3.000000e+02
-1.100,7.050000e-03,-3.690000e+00,-4.522360e-05,2.536808e-07,-2.460000e+09,3.000000e+02
-1.100,7.100000e-03,-3.780000e+00,-4.627540e-05,4.973113e-08,-2.520000e+09,3.000000e+02
-1.100,7.150000e-03,-3.870000e+00,-4.732698e-05,5.161967e-09,-2.580000e+09,3.000000e+02
-1.100,7.200000e-03,-3.960000e+00,-4.837832e-05,2.248848e-10,-2.640000e+09,3.000000e+02
-1.100,7.250000e-03,-4.050000e+00,-4.942882e-05,2.820491e-12,-2.700000e+09,3.000000e+02
-1.100,7.300000e-03,-4.140000e+00,-5.047991e-05,6.023820e-15,-2.760000e+09,3.000000e+02
-1.100,7.350000e-03,-4.230000e+00,-5.153054e-05,3.748580e-17,-2.820000e+09,3.000000e+02
-1.100,7.400000e-03,-4.320000e+00,-5.258273e-05,3.188903e-17,-2.880000e+09,3.000000e+02
-1.100,7.450000e-03,-4.410000e+00,-5.350393e-05,2.646427e-17,-2.936973e+09,3.000000e+02
-1.100,7.500000e-03,-4.500000e+00,-5.381807e-05,2.112808e-17,-2.979765e+09,3.000000e+02
-1.100,7.550000e-03,-4.410000e+00,-5.093854e-05,1.588965e-17,-2.940000e+09,3.000000e+02
-1.100,7.600000e-03,-4.320000e+00,-4.837185e-05,1.097475e-17,-2.880000e+09,3.000000e+02
-1.100,7.650000e-03,-4.230000e+00,-4.728111e-05,6.808378e-18,-2.820000e+09,3.000000e+02
-1.100,7.700000e-03,-4.140000e+00,-4.622996e-05,3.597667e-18,-2.760000e+09,3.000000e+02
-1.100,7.750000e-03,-4.050000e+00,-4.517808e-05,1.567317e-18,-2.700000e+09,3.000000e+02
-1.100,7.800000e-03,-3.960000e+00,-4.412759e-05,6.139167e-19,-2.640000e+09,3.000000e+02
-1.100,7.850000e-03,-3.870000e+00,-4.307692e-05,3.710401e-19,-2.580000e+09,3.000000e+02
-1.100,7.900000e-03,-3.780000e+00,-4.202592e-05,2.859890e-19,-2.520000e+09,3.000000e+02
-1.100,7.950000e-03,-3.690000e+00,-4.097399e-05,2.366000e-19,-2.460000e+09,3.000000e+02
-1.100,8.000000e-03,-3.600000e+00,-3.992292e-05,2.036808e-19,-2.400000e+09,3.000000e+02
-1.100,8.050000e-03,-3.510000e+00,-3.887225e-05,1.717640e-19,-2.340000e+09,3.000000e+02
-1.100,8.100000e-03,-3.420000e+00,-3.782109e-05,1.466742e-19,-2.280000e+09,3.000000e+02
-1.100,8.150000e-03,-3.330000e+00,-3.676961e-05,1.279705e-19,-2.220000e+09,3.000000e+02
-1.100,8.200000e-03,-3.240000e+00,-3.571866e-05,1.100762e-19,-2.160000e+09,3.000000e+02
-1.100,8.250000e-03,-3.150000e+00,-3.466752e-05,1.002916e-19,-2.100000e+09,3.000000e+02
-1.100,8.300000e-03,-3.060000e+00,-3.361679e-05,9.050696e-20,-2.040000e+09,3.000000e+02
-1.100,8.350000e-03,-2.970000e+00,-3.256581e-05,8.072234e-20,-1.980000e+09,3.000000e+02
-1.100,8.400000e-03,-2.880000e+00,-3.151405e-05,7.093772e-20,-1.920000e+09,3.000000e+02
-1.100,8.450000e-03,-2.790000e+00,-3.046287e-05,6.218351e-20,-1.860000e+09,3.000000e+02
-1.100,8.500000e-03,-2.700000e+00,-2.941193e-05,5.671273e-20,-1.800000e+09,3.000000e+02
-1.100,8.550000e-03,-2.610000e+00,-2.836045e-05,5.124194e-20,-1.740000e+09,3.000000e+02
-1.100,8.600000e-03,-2.520000e+00,-2.730888e-05,4.577115e-20,-1.680000e+09,3.000000e+02
-1.100,8.650000e-03,-2.430000e+00,-2.625752e-05,4.030037e-20,-1.620000e+09,3.000000e+02
-1.100,8.700000e-03,-2.340000e+00,-2.520636e-05,3.607970e-20,-1.560000e+09,3.000000e+02
-1.100,8.750000e-03,-2.250000e+00,-2.415504e-05,3.383939e-20,-1.500000e+09,3.000000e+02
-1.100,8.800000e-03,-2.160000e+00,-2.310386e-05,3.159909e-20,-1.440000e+09,3.000000e+02
-1.100,8.850000e-03,-2.070000e+00,-2.205236e-05,2.935879e-20,-1.380000e+09,3.000000e+02
-1.100,8.900000e-03,-1.980000e+00,-2.100113e-05,2.711849e-20,-1.320000e+09,3.000000e+02
-1.100,8.950000e-03,-1.890000e+00,-1.995024e-05,2.487818e-20,-1.260000e+09,3.000000e+02
-1.100,9.000000e-03,-1.800000e+00,-1.889911e-05,2.263788e-20,-1.200000e+09,3.000000e+02
-1.100,9.050000e-03,-1.710000e+00,-1.784792e-05,2.039758e-20,-1.140000e+09,3.000000e+02
-1.100,9.100000e-03,-1.620000e+00,-1.679618e-05,1.815728e-20,-1.080000e+09,3.000000e+02
-1.100,9.150000e-03,-1.530000e+00,-1.574555e-05,1.591697e-20,-1.020000e+09,3.000000e+02
-1.100,9.200000e-03,-1.440000e+00,-1.469374e-05,1.457743e-20,-9.600000e+08,3.000000e+02
-1.100,9.250000e-03,-1.350000e+00,-1.364279e-05,1.365557e-20,-9.000000e+08,3.000000e+02
-1.100,9.300000e-03,-1.260000e+00,-1.259180e-05,1.273371e-20,-8.400000e+08,3.000000e+02
-1.100,9.350000e-03,-1.170000e+00,-1.154039e-05,1.181185e-20,-7.800000e+08,3.000000e+02
-1.100,9.400000e-03,-1.080000e+00,-1.048936e-05,1.088999e-20,-7.200000e+08,3.000000e+02
-1.100,9.450000e-03,-9.900000e-01,-9.438060e-06,9.968124e-21,-6.600000e+08,3.000000e+02
-1.100,9.500000e-03,-9.000000e-01,-8.386999e-06,9.046262e-21,-6.000000e+08,3.000000e+02
-1.100,9.550000e-03,-8.100000e-01,-7.335726e-06,8.124400e-21,-5.400000e+08,3.000000e+02
-1.100,9.600000e-03,-7.200000e-01,-6.284628e-06,7.202539e-21,-4.800000e+08,3.000000e+02
-1.100,9.650000e-03,-6.300000e-01,-5.233570e-06,6.280677e-21,-4.200000e+08,3.000000e+02
-1.100,9.700000e-03,-5.400000e-01,-4.182191e-06,5.481953e-21,-3.600000e+08,3.000000e+02
-1.100,9.750000e-03,-4.500000e-01,-3.131117e-06,4.838706e-21,-3.000000e+08,3.000000e+02
-1.100,9.800000e-03,-3.600000e-01,-2.079853e-06,4.242046e-21,-2.400000e+08,3.000000e+02
-1.100,9.850000e-03,-2.700000e-01,-1.028616e-06,9.890208e-22,-1.800000e+08,3.000000e+02
-1.100,9.900000e-03,-1.800000e-01,2.260462e-08,-1.235473e-18,-1.200000e+08,3.000000e+02
-1.100,9.950000e-03,-9.000000e-02,1.073801e-06,-7.607674e-14,-6.000000e+07,3.000000e+02
-1.100,1.000000e-02,-7.016709e-16,2.125005e-06,-6.894863e-10,-7.072731e-01,3.000000e+02
-1.500,0.000000e+00,0.000000e+00,0.000000e+00,9.998018e-04,0.000000e+00,2.999981e+02
-1.500,5.000000e-05,9.000000e-02,3.176052e-06,6.403005e-04,6.000000e+07,3.000000e+02
-1.500,1.000000e-04,1.800000e-01,4.227214e-06,4.201726e-04,1.200000e+08,3.000000e+02
-1.500,1.500000e-04,2.700000e-01,5.278413e-06,2.726782e-04,1.800000e+08,3.000000e+02
-1.500,2.000000e-04,3.600000e-01,6.329623e-06,1.681740e-04,2.400000e+08,3.000000e+02
-1.500,2.500000e-04,4.500000e-01,7.380934e-06,9.730007e-05,3.000000e+08,3.000000e+02
-1.500,3.000000e-04,5.400000e-01,8.432099e-06,5.567931e-05,3.600000e+08,3.000000e+02
-1.500,3.500000e-04,6.300000e-01,9.483384e-06,2.903040e-05,4.200000e+08,3.000000e+02
-1.500,4.000000e-04,7.200000e-01,1.053454e-05,1.531227e-05,4.800000e+08,3.000000e+02
-1.500,4.500000e-04,8.100000e-01,1.158577e-05,9.539514e-06,5.400000e+08,3.000000e+02
-1.500,5.000000e-04,9.000000e-01,1.263686e-05,7.490493e-06,6.000000e+08,3.000000e+02
-1.500,5.500000e-04,9.900000e-01,1.368819e-05,9.442571e-06,6.600000e+08,3.000000e+02
-1.500,6.000000e-04,1.080000e+00,1.473949e-05,1.345989e-05,7.200000e+08,3.000000e+02
-1.500,6.500000e-04,1.170000e+00,1.579040e-05,2.004851e-05,7.800000e+08,3.000000e+02
-1.500,7.000000e-04,1.260000e+00,1.684159e-05,2.929375e-05,8.400000e+08,3.000000e+02
-1.500,7.500000e-04,1.350000e+00,1.789275e-05,4.449616e-05,9.000000e+08,3.000000e+02
-1.500,8.000000e-04,1.440000e+00,1.894396e-05,6.481770e-05,9.600000e+08,3.000000e+02
-1.500,8.500000e-04,1.530000e+00,1.999502e-05,9.025836e-05,1.020000e+09,3.000000e+02
-1.500,9.000000e-04,1.620000e+00,2.104616e-05,1.278216e-04,1.080000e+09,3.000000e+02
-1.500,9.500000e-04,1.710000e+00,2.209728e-05,1.761449e-04,1.140000e+09,3.000000e+02
-1.500,1.000000e-03,1.800000e+00,2.314810e-05,2.508741e-04,1.200000e+09,3.000000e+02
-1.500,1.050000e-03,1.890000e+00,2.419882e-05,3.510836e-04,1.260000e+09,3.000000e+02
-1.500,1.100000e-03,1.980000e+00,2.524958e-05,4.954173e-04,1.320000e+09,3.000000e+02
-1.500,1.150000e-03,2.070000e+00,2.629965e-05,6.983678e-04,1.380000e+09,3.000000e+02
-1.500,1.200000e-03,2.160000e+00,2.734849e-05,9.828473e-04,1.440000e+09,3.000000e+02
-1.500,1.250000e-03,2.250000e+00,2.839711e-05,1.385098e-03,1.500000e+09,3.000000e+02
-1.500,1.300000e-03,2.340000e+00,2.944390e-05,1.954717e-03,1.560000e+09,3.000000e+02
-1.500,1.350000e-03,2.430000e+00,3.048950e-05,2.762251e-03,1.620000e+09,3.000000e+02
-1.500,1.400000e-03,2.520000e+00,3.153315e-05,3.908551e-03,1.680000e+09,3.000000e+02
-1.500,1.450000e-03,2.610000e+00,3.257198e-05,5.533863e-03,1.740000e+09,3.000000e+02
-1.500,1.500000e-03,2.700000e+00,3.360514e-05,7.836919e-03,1.800000e+09,3.000000e+02
-1.500,1.550000e-03,2.790000e+00,3.462995e-05,1.109909e-02,1.860000e+09,3.000000e+02
-1.500,1.600000e-03,2.880000e+00,3.564413e-05,1.571873e-02,1.920000e+09,3.000000e+02
-1.500,1.650000e-03,2.970000e+00,3.664102e-05,2.225962e-02,1.980000e+09,3.000000e+02
-1.500,1.700000e-03,3.060000e+00,3.761199e-05,3.151953e-02,2.040000e+09,3.000000e+02
-1.500,1.750000e-03,3.150000e+00,3.854961e-05,4.462706e-02,2.100000e+09,3.000000e+02
-1.500,1.800000e-03,3.240000e+00,3.943412e-05,6.317849e-02,2.160000e+09,3.000000e+02
-1.500,1.850000e-03,3.330000e+00,4.024295e-05,8.945993e-02,2.220000e+09,3.000000e+02
-1.500,1.900000e-03,3.420000e+00,4.094540e-05,1.267496e-01,2.280000e+09,3.000000e+02
-1.500,1.950000e-03,3.510000e+00,4.149621e-05,1.795196e-01,2.340000e+09,3.000000e+02
-1.500,2.000000e-03,3.600000e+00,4.183603e-05,2.539163e-01,2.400000e+09,3.000000e+02
-1.500,2.050000e-03,3.690000e+00,4.189167e-05,3.572980e-01,2.460000e+09,3.000000e+02
-1.500,2.100000e-03,3.780000e+00,4.162624e-05,4.939137e-01,2.520000e+09,3.000000e+02
-1.500,2.150000e-03,3.870000e+00,4.116034e-05,6.512440e-01,2.580000e+09,3.000000e+02
-1.500,2.200000e-03,3.960000e+00,4.082469e-05,7.915943e-01,2.640000e+09,3.000000e+02
-1.500,2.250000e-03,4.050000e+00,4.097313e-05,8.744948e-01,2.700000e+09,3.000000e+02
-1.500,2.300000e-03,4.140000e+00,4.142634e-05,9.205959e-01,2.760000e+09,3.000000e+02
-1.500,2.350000e-03,4.230000e+00,4.205229e-05,9.459062e-01,2.820000e+09,3.000000e+02
-1.500,2.400000e-03,4.320000e+00,4.275060e-05,9.623785e-01,2.880000e+09,3.000000e+02
-1.500,2.450000e-03,4.410000e+00,4.332389e-05,9.735087e-01,2.936208e+09,3.000000e+02
-1.500,2.500000e-03,4.500000e+00,4.343100e-05,9.797004e-01,2.980959e+09,3.000000e+02
-1.500,2.550000e-03,4.410000e+00,4.113703e-05,9.767778e-01,2.962757e+09,3.000000e+02
-1.500,2.600000e-03,4.320000e+00,3.661092e-05,9.645637e-01,2.879998e+09,3.000000e+02
-1.500,2.650000e-03,4.230000e+00,3.680407e-05,9.490420e-01,2.819999e+09,3.000000e+02
-1.500,2.700000e-03,4.140000e+00,3.718454e-05,9.259707e-01,2.760000e+09,3.000000e+02
-1.500,2.750000e-03,4.050000e+00,3.651074e-05,8.980241e-01,2.700000e+09,3.000000e+02
-1.500,2.800000e-03,3.960000e+00,3.600810e-05,8.567794e-01,2.640000e+09,3.000000e+02
-1.500,2.850000e-03,3.870000e+00,3.559785e-05,8.027071e-01,2.580000e+09,3.000000e+02
-1.500,2.900000e-03,3.780000e+00,3.527846e-05,7.360429e-01,2.520000e+09,3.000000e+02
-1.500,2.950000e-03,3.690000e+00,3.505517e-05,6.557571e-01,2.460000e+09,3.000000e+02
-1.500,3.000000e-03,3.600000e+00,3.488836e-05,5.661349e-01,2.400000e+09,3.000000e+02
-1.500,3.050000e-03,3.510000e+00,3.471671e-05,4.742451e-01,2.340000e+09,3.000000e+02
-1.500,3.100000e-03,3.420000e+00,3.448595e-05,3.868380e-01,2.280000e+09,3.000000e+02
-1.500,3.150000e-03,3.330000e+00,3.415523e-05,3.086277e-01,2.220000e+09,3.000000e+02
-1.500,3.200000e-03,3.240000e+00,3.372806e-05,2.398792e-01,2.160000e+09,3.000000e+02
-1.500,3.250000e-03,3.150000e+00,3.319279e-05,1.816434e-01,2.100000e+09,3.000000e+02
-1.500,3.300000e-03,3.060000e+00,3.254518e-05,1.350634e-01,2.040000e+09,3.000000e+02
-1.500,3.350000e-03,2.970000e+00,3.179937e-05,9.908712e-02,1.980000e+09,3.000000e+02
-1.500,3.400000e-03,2.880000e+00,3.097263e-05,7.195562e-02,1.920000e+09,3.000000e+02
-1.500,3.450000e-03,2.790000e+00,3.008360e-05,5.187100e-02,1.860000e+09,3.000000e+02
-1.500,3.500000e-03,2.700000e+00,2.914795e-05,3.718964e-02,1.800000e+09,3.000000e+02
-1.500,3.550000e-03,2.610000e+00,2.817728e-05,2.659388e-02,1.740000e+09,3.000000e+02
-1.500,3.600000e-03,2.520000e+00,2.718257e-05,1.899734e-02,1.680000e+09,3.000000e+02
-1.500,3.650000e-03,2.430000e+00,2.617130e-05,1.354740e-02,1.620000e+09,3.000000e+02
-1.500,3.700000e-03,2.340000e+00,2.514653e-05,9.645672e-03,1.560000e+09,3.000000e+02
-1.500,3.750000e-03,2.250000e+00,2.411462e-05,6.858512e-03,1.500000e+09,3.000000e+02
-1.500,3.800000e-03,2.160000e+00,2.307593e-05,4.871765e-03,1.440000e+09,3.000000e+02
-1.500,3.850000e-03,2.070000e+00,2.203392e-05,3.458169e-03,1.380000e+09,3.000000e+02
-1.500,3.900000e-03,1.980000e+00,2.098860e-05,2.456563e-03,1.320000e+09,3.000000e+02
-1.500,3.950000e-03,1.890000e+00,1.994125e-05,1.742187e-03,1.260000e+09,3.000000e+02
-1.500,4.000000e-03,1.800000e+00,1.889246e-05,1.235352e-03,1.200000e+09,3.000000e+02
-1.500,4.050000e-03,1.710000e+00,1.784374e-05,8.761774e-04,1.140000e+09,3.000000e+02
-1.500,4.100000e-03,1.620000e+00,1.679395e-05,6.208933e-04,1.080000e+09,3.000000e+02
-1.500,4.150000e-03,1.530000e+00,1.574326e-05,4.392203e-04,1.020000e+09,3.000000e+02
-1.500,4.200000e-03,1.440000e+00,1.469335e-05,3.107059e-04,9.600000e+08,3.000000e+02
-1.500,4.250000e-03,1.350000e+00,1.364177e-05,2.199232e-04,9.000000e+08,3.000000e+02
-1.500,4.300000e-03,1.260000e+00,1.259131e-05,1.555560e-04,8.400000e+08,3.000000e+02
-1.500,4.350000e-03,1.170000e+00,1.154020e-05,1.098755e-04,7.800000e+08,3.000000e+02
-1.500,4.400000e-03,1.080000e+00,1.048894e-05,7.763119e-05,7.200000e+08,3.000000e+02
-1.500,4.450000e-03,9.900000e-01,9.438162e-06,5.489434e-05,6.600000e+08,3.000000e+02
-1.500,4.500000e-03,9.000000e-01,8.387057e-06,3.878854e-05,6.000000e+08,3.000000e+02
-1.500,4.550000e-03,8.100000e-01,7.335641e-06,2.737455e-05,5.400000e+08,3.000000e+02
-1.500,4.600000e-03,7.200000e-01,6.284712e-06,1.932422e-05,4.800000e+08,3.000000e+02
-1.500,4.650000e-03,6.300000e-01,5.233464e-06,1.364966e-05,4.200000e+08,3.000000e+02
-1.500,4.700000e-03,5.400000e-01,4.182034e-06,9.627027e-06,3.600000e+08,3.000000e+02
-1.500,4.750000e-03,4.500000e-01,3.131123e-06,6.773307e-06,3.000000e+08,3.000000e+02
-1.500,4.800000e-03,3.600000e-01,2.079820e-06,4.753741e-06,2.400000e+08,3.000000e+02
-1.500,4.850000e-03,2.700000e-01,1.028636e-06,3.319711e-06,1.800000e+08,3.000000e+02
-1.500,4.900000e-03,1.800000e-01,-2.267062e-08,2.287352e-06,1.200000e+08,3.000000e+02
-1.500,4.950000e-03,9.000000e-02,-1.073831e-06,1.533248e-06,6.000000e+07,3.000000e+02
-1.500,5.000000e-03,3.508355e-16,-2.125002e-06,9.761729e-07,7.072721e-01,3.000000e+02
-1.500,5.050000e-03,-9.000000e-02,-3.176183e-06,5.921253e-07,-6.000000e+07,3.000000e+02
-1.500,5.100000e-03,-1.800000e-01,-4.227438e-06,3.546890e-07,-1.200000e+08,3.000000e+02
-1.500,5.150000e-03,-2.700000e-01,-5.278621e-06,2.121478e-07,-1.800000e+08,3.000000e+02
-1.500,5.200000e-03,-3.600000e-01,-6.329773e-06,1.270994e-07,-2.400000e+08,3.000000e+02
-1.500,5.250000e-03,-4.500000e-01,-7.380956e-06,7.605120e-08,-3.000000e+08,3.000000e+02
-1.500,5.300000e-03,-5.400000e-01,-8.432234e-06,4.553526e-08,-3.600000e+08,3.000000e+02
-1.500,5.350000e-03,-6.300000e-01,-9.483503e-06,2.728055e-08,-4.200000e+08,3.000000e+02
-1.500,5.400000e-03,-7.200000e-01,-1.053424e-05,1.635018e-08,-4.800000e+08,3.000000e+02
-1.500,5.450000e-03,-8.100000e-01,-1.158576e-05,9.801147e-09,-5.400000e+08,3.000000e+02
-1.500,5.500000e-03,-9.000000e-01,-1.263702e-05,5.872148e-09,-6.000000e+08,3.000000e+02
-1.500,5.550000e-03,-9.900000e-01,-1.368819e-05,3.514464e-09,-6.600000e+08,3.000000e+02
-1.500,5.600000e-03,-1.080000e+00,-1.473939e-05,2.104838e-09,-7.200000e+08,3.000000e+02
-1.500,5.650000e-03,-1.170000e+00,-1.579068e-05,1.261191e-09,-7.800000e+08,3.000000e+02
-1.500,5.700000e-03,-1.260000e+00,-1.684139e-05,7.558949e-10,-8.400000e+08,3.000000e+02
-1.500,5.750000e-03,-1.350000e+00,-1.789309e-05,4.530899e-10,-9.000000e+08,3.000000e+02
-1.500,5.800000e-03,-1.440000e+00,-1.894404e-05,2.712131e-10,-9.600000e+08,3.000000e+02
-1.500,5.850000e-03,-1.530000e+00,-1.999550e-05,1.623344e-10,-1.020000e+09,3.000000e+02
-1.500,5.900000e-03,-1.620000e+00,-2.104649e-05,9.721423e-11,-1.080000e+09,3.000000e+02
-1.500,5.950000e-03,-1.710000e+00,-2.209797e-05,5.823205e-11,-1.140000e+09,3.000000e+02
-1.500,6.000000e-03,-1.800000e+00,-2.314920e-05,3.488219e-11,-1.200000e+09,3.000000e+02
-1.500,6.050000e-03,-1.890000e+00,-2.420006e-05,2.088732e-11,-1.260000e+09,3.000000e+02
-1.500,6.100000e-03,-1.980000e+00,-2.525080e-05,1.248147e-11,-1.320000e+09,3.000000e+02
-1.500,6.150000e-03,-2.070000e+00,-2.630321e-05,7.459614e-12,-1.380000e+09,3.000000e+02
-1.500,6.200000e-03,-2.160000e+00,-2.735433e-05,4.456961e-12,-1.440000e+09,3.000000e+02
-1.500,6.250000e-03,-2.250000e+00,-2.840494e-05,2.660801e-12,-1.500000e+09,3.000000e+02
-1.500,6.300000e-03,-2.340000e+00,-2.945643e-05,1.586335e-12,-1.560000e+09,3.000000e+02
-1.500,6.350000e-03,-2.430000e+00,-3.050726e-05,9.428486e-13,-1.620000e+09,3.000000e+02
-1.500,6.400000e-03,-2.520000e+00,-3.155844e-05,5.583765e-13,-1.680000e+09,3.000000e+02
-1.500,6.450000e-03,-2.610000e+00,-3.261003e-05,3.294428e-13,-1.740000e+09,3.000000e+02
-1.500,6.500000e-03,-2.700000e+00,-3.366092e-05,1.931955e-13,-1.800000e+09,3.000000e+02
-1.500,6.550000e-03,-2.790000e+00,-3.471198e-05,1.122627e-13,-1.860000e+09,3.000000e+02
-1.500,6.600000e-03,-2.880000e+00,-3.576295e-05,6.438845e-14,-1.920000e+09,3.000000e+02
-1.500,6.650000e-03,-2.970000e+00,-3.681423e-05,3.614856e-14,-1.980000e+09,3.000000e+02
-1.500,6.700000e-03,-3.060000e+00,-3.786557e-05,1.978087e-14,-2.040000e+09,3.000000e+02
-1.500,6.750000e-03,-3.150000e+00,-3.891593e-05,1.045054e-14,-2.100000e+09,3.000000e+02
-1.500,6.800000e-03,-3.240000e+00,-3.996724e-05,5.227398e-15,-2.160000e+09,3.000000e+02
-1.500,6.850000e-03,-3.330000e+00,-4.101918e-05,2.433217e-15,-2.220000e+09,3.000000e+02
-1.500,6.900000e-03,-3.420000e+00,-4.207066e-05,1.012764e-15,-2.280000e+09,3.000000e+02
-1.500,6.950000e-03,-3.510000e+00,-4.312231e-05,3.580712e-16,-2.340000e+09,3.000000e+02
-1.500,7.000000e-03,-3.600000e+00,-4.417231e-05,1.116127e-16,-2.400000e+09,3.000000e+02
-1.500,7.050000e-03,-3.690000e+00,-4.522413e-05,4.035319e-17,-2.460000e+09,3.000000e+02
-1.500,7.100000e-03,-3.780000e+00,-4.627562e-05,2.507604e-17,-2.520000e+09,3.000000e+02
-1.500,7.150000e-03,-3.870000e+00,-4.732666e-05,1.534250e-17,-2.580000e+09,3.000000e+02
-1.500,7.200000e-03,-3.960000e+00,-4.837799e-05,9.460921e-18,-2.640000e+09,3.000000e+02
-1.500,7.250000e-03,-4.050000e+00,-4.942963e-05,5.946436e-18,-2.700000e+09,3.000000e+02
-1.500,7.300000e-03,-4.140000e+00,-5.047948e-05,3.827319e-18,-2.760000e+09,3.000000e+02
-1.500,7.350000e-03,-4.230000e+00,-5.153121e-05,2.529972e-18,-2.820000e+09,3.000000e+02
-1.500,7.400000e-03,-4.320000e+00,-5.258227e-05,1.718608e-18,-2.880000e+09,3.000000e+02
-1.500,7.450000e-03,-4.410000e+00,-5.363406e-05,1.207148e-18,-2.940000e+09,3.000000e+02
-1.500,7.500000e-03,-4.500000e+00,-5.320227e-05,9.132270e-19,-2.976669e+09,3.000000e+02
-1.500,7.550000e-03,-4.410000e+00,-4.998535e-05,8.084899e-19,-2.951591e+09,3.000000e+02
-1.500,7.600000e-03,-4.320000e+00,-4.688682e-05,7.957844e-19,-2.880000e+09,3.000000e+02
-1.500,7.650000e-03,-4.230000e+00,-4.728170e-05,7.258997e-19,-2.820000e+09,3.000000e+02
-1.500,7.700000e-03,-4.140000e+00,-4.622866e-05,6.334544e-19,-2.760000e+09,3.000000e+02
-1.500,7.750000e-03,-4.050000e+00,-4.517883e-05,5.396693e-19,-2.700000e+09,3.000000e+02
-1.500,7.800000e-03,-3.960000e+00,-4.412736e-05,4.286503e-19,-2.640000e+09,3.000000e+02
-1.500,7.850000e-03,-3.870000e+00,-4.307631e-05,3.176312e-19,-2.580000e+09,3.000000e+02
-1.500,7.900000e-03,-3.780000e+00,-4.202491e-05,2.295451e-19,-2.520000e+09,3.000000e+02
-1.500,7.950000e-03,-3.690000e+00,-4.097393e-05,1.476638e-19,-2.460000e+09,3.000000e+02
-1.500,8.000000e-03,-3.600000e+00,-3.992289e-05,9.013246e-20,-2.400000e+09,3.000000e+02
-1.500,8.050000e-03,-3.510000e+00,-3.887127e-05,5.676033e-20,-2.340000e+09,3.000000e+02
-1.500,8.100000e-03,-3.420000e+00,-3.782116e-05,2.616834e-20,-2.280000e+09,3.000000e+02
-1.500,8.150000e-03,-3.330000e+00,-3.676923e-05,1.184935e-20,-2.220000e+09,3.000000e+02
-1.500,8.200000e-03,-3.240000e+00,-3.571791e-05,7.777156e-21,-2.160000e+09,3.000000e+02
-1.500,8.250000e-03,-3.150000e+00,-3.466794e-05,3.390835e-21,-2.100000e+09,3.000000e+02
-1.500,8.300000e-03,-3.060000e+00,-3.361595e-05,1.672090e-21,-2.040000e+09,3.000000e+02
-1.500,8.350000e-03,-2.970000e+00,-3.256487e-05,1.641943e-21,-1.980000e+09,3.000000e+02
-1.500,8.400000e-03,-2.880000e+00,-3.151347e-05,1.351308e-21,-1.920000e+09,3.000000e+02
-1.500,8.450000e-03,-2.790000e+00,-3.046214e-05,1.060672e-21,-1.860000e+09,3.000000e+02
-1.500,8.500000e-03,-2.700000e+00,-2.941051e-05,7.700359e-22,-1.800000e+09,3.000000e+02
-1.500,8.550000e-03,-2.610000e+00,-2.835902e-05,4.982008e-22,-1.740000e+09,3.000000e+02
-1.500,8.600000e-03,-2.520000e+00,-2.730824e-05,4.531825e-22,-1.680000e+09,3.000000e+02
-1.500,8.650000e-03,-2.430000e+00,-2.625713e-05,4.081641e-22,-1.620000e+09,3.000000e+02
-1.500,8.700000e-03,-2.340000e+00,-2.520604e-05,3.631457e-22,-1.560000e+09,3.000000e+02
-1.500,8.750000e-03,-2.250000e+00,-2.415520e-05,3.181274e-22,-1.500000e+09,3.000000e+02
-1.500,8.800000e-03,-2.160000e+00,-2.310376e-05,2.731090e-22,-1.440000e+09,3.000000e+02
-1.500,8.850000e-03,-2.070000e+00,-2.205261e-05,2.280907e-22,-1.380000e+09,3.000000e+02
-1.500,8.900000e-03,-1.980000e+00,-2.100145e-05,1.830723e-22,-1.320000e+09,3.000000e+02
-1.500,8.950000e-03,-1.890000e+00,-1.995048e-05,1.380540e-22,-1.260000e+09,3.000000e+02
-1.500,9.000000e-03,-1.800000e+00,-1.889899e-05,9.303560e-23,-1.200000e+09,3.000000e+02
-1.500,9.050000e-03,-1.710000e+00,-1.784807e-05,7.441163e-23,-1.140000e+09,3.000000e+02
-1.500,9.100000e-03,-1.620000e+00,-1.679665e-05,5.758616e-23,-1.080000e+09,3.000000e+02
-1.500,9.150000e-03,-1.530000e+00,-1.574553e-05,4.076068e-23,-1.020000e+09,3.000000e+02
-1.500,9.200000e-03,-1.440000e+00,-1.469452e-05,2.393521e-23,-9.600000e+08,3.000000e+02
-1.500,9.250000e-03,-1.350000e+00,-1.364342e-05,1.226084e-23,-9.000000e+08,3.000000e+02
-1.500,9.300000e-03,-1.260000e+00,-1.259188e-05,9.507929e-24,-8.400000e+08,3.000000e+02
-1.500,9.350000e-03,-1.170000e+00,-1.154064e-05,6.755019e-24,-7.800000e+08,3.000000e+02
-1.500,9.400000e-03,-1.080000e+00,-1.048942e-05,4.002108e-24,-7.200000e+08,3.000000e+02
-1.500,9.450000e-03,-9.900000e-01,-9.438417e-06,1.249198e-24,-6.600000e+08,3.000000e+02
-1.500,9.500000e-03,-9.000000e-01,-8.386984e-06,-1.503712e-24,-6.000000e+08,3.000000e+02
-1.500,9.550000e-03,-8.100000e-01,-7.335813e-06,-4.256622e-24,-5.400000e+08,3.000000e+02
-1.500,9.600000e-03,-7.200000e-01,-6.284612e-06,-7.009532e-24,-4.800000e+08,3.000000e+02
-1.500,9.650000e-03,-6.300000e-01,-5.233329e-06,-9.762443e-24,-4.200000e+08,3.000000e+02
-1.500,9.700000e-03,-5.400000e-01,-4.182167e-06,-1.119169e-23,-3.600000e+08,3.000000e+02
-1.500,9.750000e-03,-4.500000e-01,-3.130994e-06,-4.767128e-23,-3.000000e+08,3.000000e+02
-1.500,9.800000e-03,-3.600000e-01,-2.079810e-06,-5.206509e-22,-2.400000e+08,3.000000e+02
-1.500,9.850000e-03,-2.700000e-01,-1.028586e-06,-9.936305e-22,-1.800000e+08,3.000000e+02
-1.500,9.900000e-03,-1.800000e-01,2.261509e-08,-1.210698e-18,-1.200000e+08,3.000000e+02
-1.500,9.950000e-03,-9.000000e-02,1.073810e-06,-7.368916e-14,-6.000000e+07,3.000000e+02
-1.500,1.000000e-02,-7.016709e-16,2.125005e-06,-6.616321e-10,-7.072728e-01,3.000000e+02
