V_V,I_A
0.000000e+00,0.000000e+00
9.000000e-02,9.006156e-07
1.800000e-01,1.800891e-06
2.700000e-01,2.701163e-06
3.600000e-01,3.601437e-06
4.500000e-01,4.501713e-06
5.400000e-01,5.401994e-06
6.300000e-01,6.302275e-06
7.200000e-01,7.202568e-06
8.100000e-01,8.102860e-06
9.000000e-01,9.003154e-06
9.900000e-01,9.903457e-06
1.080000e+00,1.080378e-05
1.170000e+00,1.170412e-05
1.260000e+00,1.260450e-05
1.350000e+00,1.350494e-05
1.440000e+00,1.440542e-05
1.530000e+00,1.530603e-05
1.620000e+00,1.620676e-05
1.710000e+00,1.710769e-05
1.800000e+00,1.800891e-05
1.890000e+00,1.891053e-05
1.980000e+00,1.981283e-05
2.070000e+00,2.071601e-05
2.160000e+00,2.162053e-05
2.250000e+00,2.252709e-05
2.340000e+00,2.343642e-05
2.430000e+00,2.434962e-05
2.520000e+00,2.526903e-05
2.610000e+00,2.619784e-05
2.700000e+00,2.714075e-05
2.790000e+00,2.810621e-05
2.880000e+00,2.910694e-05
2.970000e+00,3.016498e-05
3.060000e+00,3.132576e-05
3.150000e+00,3.267165e-05
3.240000e+00,3.439068e-05
3.330000e+00,3.701604e-05
3.420000e+00,4.212718e-05
3.510000e+00,5.762523e-05
3.600000e+00,3.752548e-04
3.690000e+00,5.279878e-04
3.780000e+00,5.408628e-04
3.870000e+00,5.537398e-04
3.960000e+00,5.666171e-04
4.050000e+00,5.794949e-04
4.140000e+00,5.923727e-04
4.230000e+00,6.052505e-04
4.320000e+00,6.181281e-04
4.410000e+00,6.310058e-04
4.500000e+00,6.343718e-04
4.410000e+00,6.310126e-04
4.320000e+00,6.181370e-04
4.230000e+00,6.052543e-04
4.140000e+00,5.923732e-04
4.050000e+00,5.794950e-04
3.960000e+00,5.666169e-04
3.870000e+00,5.537392e-04
3.780000e+00,5.408615e-04
3.690000e+00,5.279838e-04
3.600000e+00,5.151062e-04
3.510000e+00,5.022285e-04
3.420000e+00,4.893508e-04
3.330000e+00,4.764732e-04
3.240000e+00,4.635955e-04
3.150000e+00,4.507178e-04
3.060000e+00,4.378401e-04
2.970000e+00,4.249624e-04
2.880000e+00,4.120847e-04
2.790000e+00,3.992071e-04
2.700000e+00,3.863294e-04
2.610000e+00,3.734517e-04
2.520000e+00,3.605740e-04
2.430000e+00,3.476963e-04
2.340000e+00,3.348186e-04
2.250000e+00,3.219409e-04
2.160000e+00,3.090632e-04
2.070000e+00,2.961855e-04
1.980000e+00,2.833077e-04
1.890000e+00,2.704300e-04
1.800000e+00,2.575523e-04
1.710000e+00,2.446746e-04
1.620000e+00,2.317969e-04
1.530000e+00,2.189192e-04
1.440000e+00,2.060415e-04
1.350000e+00,1.931639e-04
1.260000e+00,1.802863e-04
1.170000e+00,1.674086e-04
1.080000e+00,1.545310e-04
9.900000e-01,1.416533e-04
9.000000e-01,1.287757e-04
8.100000e-01,1.158981e-04
7.200000e-01,1.030204e-04
6.300000e-01,9.014278e-05
5.400000e-01,7.727081e-05
4.500000e-01,6.443149e-05
3.600000e-01,5.159852e-05
2.700000e-01,3.877189e-05
1.800000e-01,2.595160e-05
9.000000e-02,1.313767e-05
3.508355e-16,3.300635e-07
-9.000000e-02,-1.247119e-05
-1.800000e-01,-2.526610e-05
-2.700000e-01,-3.805467e-05
-3.600000e-01,-5.083689e-05
-4.500000e-01,-6.361277e-05
-5.400000e-01,-7.638230e-05
-6.300000e-01,-8.914550e-05
-7.200000e-01,-1.019023e-04
-8.100000e-01,-1.146528e-04
-9.000000e-01,-1.273970e-04
-9.900000e-01,-1.401348e-04
-1.080000e+00,-1.528663e-04
-1.170000e+00,-1.655914e-04
-1.260000e+00,-1.783102e-04
-1.350000e+00,-1.910227e-04
-1.440000e+00,-2.027124e-04
-1.530000e+00,-2.137453e-04
-1.620000e+00,-2.246320e-04
-1.710000e+00,-2.353723e-04
-1.800000e+00,-2.459664e-04
-1.890000e+00,-2.553892e-04
-1.980000e+00,-2.611735e-04
-2.070000e+00,-2.655086e-04
-2.160000e+00,-2.665075e-04
-2.250000e+00,-2.627476e-04
-2.340000e+00,-2.527998e-04
-2.430000e+00,-2.371713e-04
-2.520000e+00,-2.181538e-04
-2.610000e+00,-1.972543e-04
-2.700000e+00,-1.732108e-04
-2.790000e+00,-1.503550e-04
-2.880000e+00,-1.284820e-04
-2.970000e+00,-1.083632e-04
-3.060000e+00,-8.964010e-05
-3.150000e+00,-7.389925e-05
-3.240000e+00,-6.085594e-05
-3.330000e+00,-5.041102e-05
-3.420000e+00,-4.350883e-05
-3.510000e+00,-3.967988e-05
-3.600000e+00,-3.795430e-05
-3.690000e+00,-3.754917e-05
-3.780000e+00,-3.795894e-05
-3.870000e+00,-3.872417e-05
-3.960000e+00,-3.960422e-05
-4.050000e+00,-4.050329e-05
-4.140000e+00,-4.140330e-05
-4.230000e+00,-4.230339e-05
-4.320000e+00,-4.320346e-05
-4.410000e+00,-4.410353e-05
-4.500000e+00,-4.454260e-05
-4.410000e+00,-4.410303e-05
-4.320000e+00,-4.320278e-05
-4.230000e+00,-4.230269e-05
-4.140000e+00,-4.140264e-05
-4.050000e+00,-4.050259e-05
-3.960000e+00,-3.960253e-05
-3.870000e+00,-3.870247e-05
-3.780000e+00,-3.780241e-05
-3.690000e+00,-3.690234e-05
-3.600000e+00,-3.600229e-05
-3.510000e+00,-3.510221e-05
-3.420000e+00,-3.420215e-05
-3.330000e+00,-3.330208e-05
-3.240000e+00,-3.240202e-05
-3.150000e+00,-3.150194e-05
-3.060000e+00,-3.060189e-05
-2.970000e+00,-2.970181e-05
-2.880000e+00,-2.880175e-05
-2.790000e+00,-2.790169e-05
-2.700000e+00,-2.700162e-05
-2.610000e+00,-2.610156e-05
-2.520000e+00,-2.520150e-05
-2.430000e+00,-2.430143e-05
-2.340000e+00,-2.340137e-05
-2.250000e+00,-2.250131e-05
-2.160000e+00,-2.160123e-05
-2.070000e+00,-2.070116e-05
-1.980000e+00,-1.980110e-05
-1.890000e+00,-1.890104e-05
-1.800000e+00,-1.800097e-05
-1.710000e+00,-1.710090e-05
-1.620000e+00,-1.620083e-05
-1.530000e+00,-1.530077e-05
-1.440000e+00,-1.440071e-05
-1.350000e+00,-1.350065e-05
-1.260000e+00,-1.260058e-05
-1.170000e+00,-1.170052e-05
-1.080000e+00,-1.080045e-05
-9.900000e-01,-9.900382e-06
-9.000000e-01,-9.000319e-06
-8.100000e-01,-8.100253e-06
-7.200000e-01,-7.200188e-06
-6.300000e-01,-6.300122e-06
-5.400000e-01,-5.400057e-06
-4.500000e-01,-4.499991e-06
-3.600000e-01,-3.599927e-06
-2.700000e-01,-2.699862e-06
-1.800000e-01,-1.799796e-06
-9.000000e-02,-8.997316e-07
-7.016709e-16,3.337928e-10
9.000000e-02,9.003990e-07
1.800000e-01,1.800464e-06
2.700000e-01,2.700530e-06
3.600000e-01,3.600596e-06
4.500000e-01,4.500663e-06
5.400000e-01,5.400730e-06
6.300000e-01,6.300799e-06
7.200000e-01,7.200866e-06
8.100000e-01,8.100945e-06
9.000000e-01,9.001025e-06
9.900000e-01,9.901103e-06
1.080000e+00,1.080120e-05
1.170000e+00,1.170132e-05
1.260000e+00,1.260145e-05
1.350000e+00,1.350163e-05
1.440000e+00,1.440186e-05
1.530000e+00,1.530217e-05
1.620000e+00,1.620261e-05
1.710000e+00,1.710323e-05
1.800000e+00,1.800412e-05
1.890000e+00,1.890539e-05
1.980000e+00,1.980725e-05
2.070000e+00,2.071001e-05
2.160000e+00,2.161399e-05
2.250000e+00,2.251986e-05
2.340000e+00,2.342851e-05
2.430000e+00,2.434135e-05
2.520000e+00,2.526039e-05
2.610000e+00,2.618870e-05
2.700000e+00,2.713110e-05
2.790000e+00,2.809596e-05
2.880000e+00,2.909617e-05
2.970000e+00,3.015429e-05
3.060000e+00,3.131134e-05
3.150000e+00,3.265584e-05
3.240000e+00,3.438606e-05
3.330000e+00,3.700658e-05
3.420000e+00,4.211378e-05
3.510000e+00,5.770630e-05
3.600000e+00,3.159543e-04
3.690000e+00,5.279872e-04
3.780000e+00,5.408674e-04
3.870000e+00,5.537425e-04
3.960000e+00,5.666184e-04
4.050000e+00,5.794958e-04
4.140000e+00,5.923733e-04
4.230000e+00,6.052507e-04
4.320000e+00,6.181282e-04
4.410000e+00,6.310058e-04
4.500000e+00,6.351282e-04
4.410000e+00,6.310156e-04
4.320000e+00,6.181320e-04
4.230000e+00,6.052508e-04
4.140000e+00,5.923718e-04
4.050000e+00,5.794943e-04
3.960000e+00,5.666168e-04
3.870000e+00,5.537392e-04
3.780000e+00,5.408615e-04
3.690000e+00,5.279838e-04
3.600000e+00,5.151062e-04
3.510000e+00,5.022285e-04
3.420000e+00,4.893508e-04
3.330000e+00,4.764732e-04
3.240000e+00,4.635955e-04
3.150000e+00,4.507178e-04
3.060000e+00,4.378401e-04
2.970000e+00,4.249624e-04
2.880000e+00,4.120848e-04
2.790000e+00,3.992071e-04
2.700000e+00,3.863294e-04
2.610000e+00,3.734517e-04
2.520000e+00,3.605740e-04
2.430000e+00,3.476963e-04
2.340000e+00,3.348186e-04
2.250000e+00,3.219409e-04
2.160000e+00,3.090632e-04
2.070000e+00,2.961854e-04
1.980000e+00,2.833077e-04
1.890000e+00,2.704300e-04
1.800000e+00,2.575523e-04
1.710000e+00,2.446746e-04
1.620000e+00,2.317969e-04
1.530000e+00,2.189192e-04
1.440000e+00,2.060416e-04
1.350000e+00,1.931639e-04
1.260000e+00,1.802863e-04
1.170000e+00,1.674086e-04
1.080000e+00,1.545310e-04
9.900000e-01,1.416533e-04
9.000000e-01,1.287757e-04
8.100000e-01,1.158980e-04
7.200000e-01,1.030204e-04
6.300000e-01,9.015076e-05
5.400000e-01,7.728262e-05
4.500000e-01,6.441592e-05
3.600000e-01,5.155065e-05
2.700000e-01,3.868682e-05
1.800000e-01,2.582442e-05
9.000000e-02,1.296346e-05
-4.036381e-15,1.039255e-07
-9.000000e-02,-1.275417e-05
-1.800000e-01,-2.561083e-05
-2.700000e-01,-3.846606e-05
-3.600000e-01,-5.131986e-05
-4.500000e-01,-6.417222e-05
-5.400000e-01,-7.702315e-05
-6.300000e-01,-8.987265e-05
-7.200000e-01,-1.027207e-04
-8.100000e-01,-1.155673e-04
-9.000000e-01,-1.284125e-04
-9.900000e-01,-1.412563e-04
-1.080000e+00,-1.540986e-04
-1.170000e+00,-1.650488e-04
-1.260000e+00,-1.731684e-04
-1.350000e+00,-1.808656e-04
-1.440000e+00,-1.881403e-04
-1.530000e+00,-1.949926e-04
-1.620000e+00,-2.014225e-04
-1.710000e+00,-2.074300e-04
-1.800000e+00,-2.130151e-04
-1.890000e+00,-2.181778e-04
-1.980000e+00,-2.229180e-04
-2.070000e+00,-2.272358e-04
-2.160000e+00,-2.311312e-04
-2.250000e+00,-2.281095e-04
-2.340000e+00,-2.213607e-04
-2.430000e+00,-2.125389e-04
-2.520000e+00,-1.992750e-04
-2.610000e+00,-1.827110e-04
-2.700000e+00,-1.628472e-04
-2.790000e+00,-1.444197e-04
-2.880000e+00,-1.255840e-04
-2.970000e+00,-1.059751e-04
-3.060000e+00,-8.868811e-05
-3.150000e+00,-7.400000e-05
-3.240000e+00,-6.085143e-05
-3.330000e+00,-5.034055e-05
-3.420000e+00,-4.358952e-05
-3.510000e+00,-3.966743e-05
-3.600000e+00,-3.789670e-05
-3.690000e+00,-3.751470e-05
-3.780000e+00,-3.793652e-05
-3.870000e+00,-3.871839e-05
-3.960000e+00,-3.960392e-05
-4.050000e+00,-4.050326e-05
-4.140000e+00,-4.140333e-05
-4.230000e+00,-4.230340e-05
-4.320000e+00,-4.320343e-05
-4.410000e+00,-4.410355e-05
-4.500000e+00,-4.448080e-05
-4.410000e+00,-4.410313e-05
-4.320000e+00,-4.320281e-05
-4.230000e+00,-4.230266e-05
-4.140000e+00,-4.140262e-05
-4.050000e+00,-4.050256e-05
-3.960000e+00,-3.960250e-05
-3.870000e+00,-3.870245e-05
-3.780000e+00,-3.780239e-05
-3.690000e+00,-3.690234e-05
-3.600000e+00,-3.600228e-05
-3.510000e+00,-3.510220e-05
-3.420000e+00,-3.420213e-05
-3.330000e+00,-3.330207e-05
-3.240000e+00,-3.240201e-05
-3.150000e+00,-3.150195e-05
-3.060000e+00,-3.060187e-05
-2.970000e+00,-2.970182e-05
-2.880000e+00,-2.880174e-05
-2.790000e+00,-2.790167e-05
-2.700000e+00,-2.700161e-05
-2.610000e+00,-2.610155e-05
-2.520000e+00,-2.520149e-05
-2.430000e+00,-2.430141e-05
-2.340000e+00,-2.340135e-05
-2.250000e+00,-2.250129e-05
-2.160000e+00,-2.160122e-05
-2.070000e+00,-2.070116e-05
-1.980000e+00,-1.980109e-05
-1.890000e+00,-1.890103e-05
-1.800000e+00,-1.800097e-05
-1.710000e+00,-1.710090e-05
-1.620000e+00,-1.620083e-05
-1.530000e+00,-1.530078e-05
-1.440000e+00,-1.440070e-05
-1.350000e+00,-1.350064e-05
-1.260000e+00,-1.260057e-05
-1.170000e+00,-1.170051e-05
-1.080000e+00,-1.080044e-05
-9.900000e-01,-9.900386e-06
-9.000000e-01,-9.000316e-06
-8.100000e-01,-8.100254e-06
-7.200000e-01,-7.200186e-06
-6.300000e-01,-6.300119e-06
-5.400000e-01,-5.400057e-06
-4.500000e-01,-4.499992e-06
-3.600000e-01,-3.599924e-06
-2.700000e-01,-2.699860e-06
-1.800000e-01,-1.799796e-06
-9.000000e-02,-8.997318e-07
-1.403342e-15,3.337945e-10
9.000000e-02,9.003989e-07
1.800000e-01,1.800464e-06
2.700000e-01,2.700531e-06
3.600000e-01,3.600596e-06
4.500000e-01,4.500659e-06
5.400000e-01,5.400727e-06
6.300000e-01,6.300798e-06
7.200000e-01,7.200868e-06
8.100000e-01,8.100942e-06
9.000000e-01,9.001021e-06
9.900000e-01,9.901108e-06
1.080000e+00,1.080121e-05
1.170000e+00,1.170131e-05
1.260000e+00,1.260145e-05
1.350000e+00,1.350163e-05
1.440000e+00,1.440186e-05
1.530000e+00,1.530218e-05
1.620000e+00,1.620260e-05
1.710000e+00,1.710322e-05
1.800000e+00,1.800408e-05
1.890000e+00,1.890535e-05
1.980000e+00,1.980719e-05
2.070000e+00,2.070988e-05
2.160000e+00,2.161383e-05
2.250000e+00,2.251963e-05
2.340000e+00,2.342819e-05
2.430000e+00,2.434083e-05
2.520000e+00,2.525957e-05
2.610000e+00,2.618751e-05
2.700000e+00,2.712945e-05
2.790000e+00,2.809317e-05
2.880000e+00,2.909142e-05
2.970000e+00,3.014645e-05
3.060000e+00,3.129960e-05
3.150000e+00,3.263378e-05
3.240000e+00,3.433379e-05
3.330000e+00,3.687797e-05
3.420000e+00,4.180375e-05
3.510000e+00,5.662167e-05
3.600000e+00,2.004154e-04
3.690000e+00,5.279591e-04
3.780000e+00,5.408684e-04
3.870000e+00,5.537419e-04
3.960000e+00,5.666185e-04
4.050000e+00,5.794956e-04
4.140000e+00,5.911919e-04
4.230000e+00,6.008511e-04
4.320000e+00,6.105103e-04
4.410000e+00,6.201696e-04
4.500000e+00,6.298288e-04
4.410000e+00,6.310156e-04
4.320000e+00,6.181541e-04
4.230000e+00,6.052707e-04
4.140000e+00,5.923777e-04
4.050000e+00,5.794982e-04
3.960000e+00,5.666187e-04
3.870000e+00,5.537392e-04
3.780000e+00,5.408615e-04
3.690000e+00,5.279838e-04
3.600000e+00,5.151062e-04
3.510000e+00,5.022285e-04
3.420000e+00,4.893508e-04
3.330000e+00,4.764732e-04
3.240000e+00,4.635955e-04
3.150000e+00,4.507178e-04
3.060000e+00,4.378401e-04
2.970000e+00,4.249623e-04
2.880000e+00,4.120846e-04
2.790000e+00,3.992069e-04
2.700000e+00,3.863292e-04
2.610000e+00,3.734515e-04
2.520000e+00,3.605738e-04
2.430000e+00,3.476961e-04
2.340000e+00,3.348183e-04
2.250000e+00,3.219406e-04
2.160000e+00,3.090629e-04
2.070000e+00,2.961853e-04
1.980000e+00,2.833076e-04
1.890000e+00,2.704299e-04
1.800000e+00,2.575522e-04
1.710000e+00,2.446745e-04
1.620000e+00,2.317969e-04
1.530000e+00,2.189192e-04
1.440000e+00,2.060415e-04
1.350000e+00,1.931638e-04
1.260000e+00,1.802861e-04
1.170000e+00,1.674085e-04
1.080000e+00,1.545308e-04
9.900000e-01,1.416532e-04
9.000000e-01,1.287756e-04
8.100000e-01,1.158980e-04
7.200000e-01,1.030204e-04
6.300000e-01,9.014283e-05
5.400000e-01,7.726524e-05
4.500000e-01,6.438765e-05
3.600000e-01,5.151005e-05
2.700000e-01,3.863246e-05
1.800000e-01,2.575487e-05
9.000000e-02,1.287728e-05
-3.334710e-15,-3.169460e-10
-9.000000e-02,-1.287750e-05
-1.800000e-01,-2.575447e-05
-2.700000e-01,-3.863136e-05
-3.600000e-01,-5.150816e-05
-4.500000e-01,-6.438488e-05
-5.400000e-01,-7.726151e-05
-6.300000e-01,-9.000097e-05
-7.200000e-01,-1.025767e-04
-8.100000e-01,-1.150800e-04
-9.000000e-01,-1.275108e-04
-9.900000e-01,-1.398690e-04
-1.080000e+00,-1.521548e-04
-1.170000e+00,-1.643681e-04
-1.260000e+00,-1.765089e-04
-1.350000e+00,-1.885771e-04
-1.440000e+00,-2.005729e-04
-1.530000e+00,-2.124962e-04
-1.620000e+00,-2.243470e-04
-1.710000e+00,-2.356731e-04
-1.800000e+00,-2.448563e-04
-1.890000e+00,-2.536001e-04
-1.980000e+00,-2.616346e-04
-2.070000e+00,-2.660387e-04
-2.160000e+00,-2.665073e-04
-2.250000e+00,-2.609421e-04
-2.340000e+00,-2.501235e-04
-2.430000e+00,-2.352342e-04
-2.520000e+00,-2.174776e-04
-2.610000e+00,-1.958874e-04
-2.700000e+00,-1.725876e-04
-2.790000e+00,-1.512048e-04
-2.880000e+00,-1.292391e-04
-2.970000e+00,-1.078320e-04
-3.060000e+00,-9.022049e-05
-3.150000e+00,-7.439392e-05
-3.240000e+00,-6.068891e-05
-3.330000e+00,-5.079467e-05
-3.420000e+00,-4.374006e-05
-3.510000e+00,-4.029432e-05
-3.600000e+00,-3.878056e-05
-3.690000e+00,-3.763833e-05
-3.780000e+00,-3.796453e-05
-3.870000e+00,-3.872185e-05
-3.960000e+00,-3.960409e-05
-4.050000e+00,-4.050331e-05
-4.140000e+00,-4.140331e-05
-4.230000e+00,-4.230338e-05
-4.320000e+00,-4.320345e-05
-4.410000e+00,-4.410354e-05
-4.500000e+00,-4.468198e-05
-4.410000e+00,-4.410296e-05
-4.320000e+00,-4.320276e-05
-4.230000e+00,-4.230271e-05
-4.140000e+00,-4.140266e-05
-4.050000e+00,-4.050260e-05
-3.960000e+00,-3.960253e-05
-3.870000e+00,-3.870247e-05
-3.780000e+00,-3.780240e-05
-3.690000e+00,-3.690234e-05
-3.600000e+00,-3.600228e-05
-3.510000e+00,-3.510220e-05
-3.420000e+00,-3.420214e-05
-3.330000e+00,-3.330208e-05
-3.240000e+00,-3.240201e-05
-3.150000e+00,-3.150194e-05
-3.060000e+00,-3.060188e-05
-2.970000e+00,-2.970181e-05
-2.880000e+00,-2.880175e-05
-2.790000e+00,-2.790168e-05
-2.700000e+00,-2.700161e-05
-2.610000e+00,-2.610156e-05
-2.520000e+00,-2.520149e-05
-2.430000e+00,-2.430142e-05
-2.340000e+00,-2.340135e-05
-2.250000e+00,-2.250129e-05
-2.160000e+00,-2.160123e-05
-2.070000e+00,-2.070117e-05
-1.980000e+00,-1.980109e-05
-1.890000e+00,-1.890103e-05
-1.800000e+00,-1.800097e-05
-1.710000e+00,-1.710090e-05
-1.620000e+00,-1.620083e-05
-1.530000e+00,-1.530077e-05
-1.440000e+00,-1.440070e-05
-1.350000e+00,-1.350064e-05
-1.260000e+00,-1.260057e-05
-1.170000e+00,-1.170051e-05
-1.080000e+00,-1.080045e-05
-9.900000e-01,-9.900381e-06
-9.000000e-01,-9.000315e-06
-8.100000e-01,-8.100253e-06
-7.200000e-01,-7.200188e-06
-6.300000e-01,-6.300124e-06
-5.400000e-01,-5.400057e-06
-4.500000e-01,-4.499991e-06
-3.600000e-01,-3.599927e-06
-2.700000e-01,-2.699862e-06
-1.800000e-01,-1.799795e-06
-9.000000e-02,-8.997307e-07
8.072762e-15,3.337942e-10
