step,state,sig_off_S_per_m,sig_on_S_per_m,R_ohm,target_ohm
0,OFF,1.900000e+00,3.000000e+03,2.514259e+02,1.000000e+05
1,OFF,1.900000e-01,3.000000e+03,2.513101e+03,1.000000e+05
2,OFF,1.900000e-02,3.000000e+03,2.512986e+04,1.000000e+05
3,OFF,4.774673e-03,3.000000e+03,9.999277e+04,1.000000e+05
0,ON,4.774673e-03,3.000000e+03,6.998225e+00,7.000000e+03
1,ON,4.774673e-03,3.000000e+02,4.280733e+01,7.000000e+03
2,ON,4.774673e-03,3.000000e+01,3.993886e+02,7.000000e+03
3,ON,4.774673e-03,3.000000e+00,3.835293e+03,7.000000e+03
4,ON,4.774673e-03,1.643697e+00,6.790227e+03,7.000000e+03
5,ON,4.774673e-03,1.594439e+00,6.988846e+03,7.000000e+03
final,OFF,4.774673e-03,1.594439e+00,9.999277e+04,1.000000e+05
final,ON,4.774673e-03,1.594439e+00,6.988846e+03,7.000000e+03
