% Model,Untitled.mph
% Version,COMSOL 6.0.0.318
% Date,"Sep 27 2026, 10:56"
% Dimension,1
% Nodes,68
% Expressions,1
% Description,Line graph
% cln_axisx,Electric potential
0,0
1.9999999999999991,1.2733316957438755E-10
3.9999999999999982,2.5466633914877463E-10
5.999999999999996,3.8199950872316237E-10
7.9999999999999964,5.093326782975493E-10
9.999999999999996,6.366658478719317E-10
12.000000000000004,7.003324326591327E-9
14.000000000000007,1.3369982805310729E-8
16.00000000000001,1.973664128403012E-8
18.000000000000018,2.6103299762749538E-8
20.00000000000002,3.246995824146897E-8
22.000000000000014,3.8836616720188396E-8
24.00000000000003,4.52032751989078E-8
26.00000000000003,5.156993367762719E-8
28.000000000000025,5.793659215634667E-8
29.999999999999993,6.430325063506587E-8
30.499999999999996,0.033333354767750074
30.999999999999982,0.06666664523224895
31.499999999999986,0.0999999356967488
33.49999999999999,0.09999994206340729
35.499999999999986,0.09999994843006557
37.49999999999997,0.09999995479672402
39.499999999999986,0.09999996116338246
41.49999999999998,0.09999996753004119
43.49999999999996,0.09999997389669968
45.49999999999997,0.09999998026335832
47.49999999999995,0.09999998663001704
49.49999999999996,0.09999999299667557
51.5,0.09999999936333429
53.49999999999999,0.0999999994906675
55.499999999999986,0.09999999961800089
57.5,0.09999999974533388
59.49999999999999,0.09999999987266707
61.49999999999999,0.1
0,0
1.9999999999999991,4.248835660179709E-8
3.9999999999999982,8.497671486352516E-8
5.999999999999996,1.2746507640135136E-7
7.9999999999999964,1.6995344276396827E-7
9.999999999999996,2.1244181535578135E-7
12.000000000000004,2.3368606368809146E-6
14.000000000000007,4.461279525062367E-6
16.00000000000001,6.585698537434528E-6
18.000000000000018,8.710117728460211E-6
20.00000000000002,1.0834537148392929E-5
22.000000000000014,1.2958956841991956E-5
24.00000000000003,1.5083376847417774E-5
26.00000000000003,1.720779719531749E-5
28.000000000000025,1.9332217908268226E-5
29.999999999999993,2.14566389997493E-5
30.499999999999996,0.033340485546330435
30.999999999999982,0.06665951445366847
31.499999999999986,0.0999785433609995
33.49999999999999,0.09998066778209105
35.499999999999986,0.09998279220280382
37.49999999999997,0.09998491662315183
39.499999999999986,0.09998704104315721
41.49999999999998,0.09998916546285107
43.49999999999996,0.09999128988227096
45.49999999999997,0.09999341430146214
47.49999999999995,0.09999553872047469
49.49999999999996,0.09999766313936323
51.5,0.09999978755818474
53.49999999999999,0.09999983004655741
55.499999999999986,0.09999987253492397
57.5,0.09999991502328535
59.49999999999999,0.09999995751164364
61.49999999999999,0.1
