T_amb_K,t_s,Tmax_K
300.0,0.000000e+00,3.000000e+02
300.0,5.000000e-05,3.000002e+02
300.0,1.000000e-04,3.000008e+02
300.0,1.500000e-04,3.000018e+02
300.0,2.000000e-04,3.000034e+02
300.0,2.500000e-04,3.000053e+02
300.0,3.000000e-04,3.000072e+02
300.0,3.500000e-04,3.000096e+02
300.0,4.000000e-04,3.000126e+02
300.0,4.500000e-04,3.000156e+02
300.0,5.000000e-04,3.000194e+02
300.0,5.500000e-04,3.000234e+02
300.0,6.000000e-04,3.000279e+02
300.0,6.500000e-04,3.000326e+02
300.0,7.000000e-04,3.000379e+02
300.0,7.500000e-04,3.000433e+02
300.0,8.000000e-04,3.000493e+02
300.0,8.500000e-04,3.000557e+02
300.0,9.000000e-04,3.000625e+02
300.0,9.500000e-04,3.000697e+02
300.0,1.000000e-03,3.000773e+02
300.0,1.050000e-03,3.000853e+02
300.0,1.100000e-03,3.000939e+02
300.0,1.150000e-03,3.001029e+02
300.0,1.200000e-03,3.001125e+02
300.0,1.250000e-03,3.001228e+02
300.0,1.300000e-03,3.001340e+02
300.0,1.350000e-03,3.001462e+02
300.0,1.400000e-03,3.001598e+02
300.0,1.450000e-03,3.001755e+02
300.0,1.500000e-03,3.001942e+02
300.0,1.550000e-03,3.002174e+02
300.0,1.600000e-03,3.002478e+02
300.0,1.650000e-03,3.002901e+02
300.0,1.700000e-03,3.003531e+02
300.0,1.750000e-03,3.004548e+02
300.0,1.800000e-03,3.006354e+02
300.0,1.850000e-03,3.010000e+02
300.0,1.900000e-03,3.018755e+02
300.0,1.950000e-03,3.050661e+02
300.0,2.000000e-03,3.635474e+02
300.0,2.050000e-03,4.073165e+02
300.0,2.100000e-03,4.126195e+02
300.0,2.150000e-03,4.180643e+02
300.0,2.200000e-03,4.236373e+02
300.0,2.250000e-03,4.294496e+02
300.0,2.300000e-03,4.352619e+02
300.0,2.350000e-03,4.410742e+02
300.0,2.400000e-03,4.471555e+02
300.0,2.450000e-03,4.533255e+02
300.0,2.500000e-03,4.551494e+02
300.0,2.550000e-03,4.532524e+02
300.0,2.600000e-03,4.470821e+02
300.0,2.650000e-03,4.410319e+02
300.0,2.700000e-03,4.351096e+02
300.0,2.750000e-03,4.293927e+02
300.0,2.800000e-03,4.236759e+02
300.0,2.850000e-03,4.181803e+02
300.0,2.900000e-03,4.130052e+02
300.0,2.950000e-03,4.078300e+02
300.0,3.000000e-03,4.026549e+02
300.0,3.050000e-03,3.974798e+02
300.0,3.100000e-03,3.923046e+02
300.0,3.150000e-03,3.878514e+02
300.0,3.200000e-03,3.837781e+02
300.0,3.250000e-03,3.797049e+02
300.0,3.300000e-03,3.756316e+02
300.0,3.350000e-03,3.715584e+02
300.0,3.400000e-03,3.674851e+02
300.0,3.450000e-03,3.634118e+02
300.0,3.500000e-03,3.593386e+02
300.0,3.550000e-03,3.552653e+02
300.0,3.600000e-03,3.511921e+02
300.0,3.650000e-03,3.471188e+02
300.0,3.700000e-03,3.432638e+02
300.0,3.750000e-03,3.406597e+02
300.0,3.800000e-03,3.380556e+02
300.0,3.850000e-03,3.354515e+02
300.0,3.900000e-03,3.328475e+02
300.0,3.950000e-03,3.302434e+02
300.0,4.000000e-03,3.276393e+02
300.0,4.050000e-03,3.250352e+02
300.0,4.100000e-03,3.224311e+02
300.0,4.150000e-03,3.198270e+02
300.0,4.200000e-03,3.172230e+02
300.0,4.250000e-03,3.146189e+02
300.0,4.300000e-03,3.129579e+02
300.0,4.350000e-03,3.118230e+02
300.0,4.400000e-03,3.106881e+02
300.0,4.450000e-03,3.095532e+02
300.0,4.500000e-03,3.084183e+02
300.0,4.550000e-03,3.072834e+02
300.0,4.600000e-03,3.061485e+02
300.0,4.650000e-03,3.050136e+02
300.0,4.700000e-03,3.038787e+02
300.0,4.750000e-03,3.027438e+02
300.0,4.800000e-03,3.016089e+02
300.0,4.850000e-03,3.005735e+02
300.0,4.900000e-03,3.002458e+02
300.0,4.950000e-03,3.000444e+02
300.0,5.000000e-03,3.000000e+02
300.0,5.050000e-03,3.000207e+02
300.0,5.100000e-03,3.001984e+02
300.0,5.150000e-03,3.005024e+02
300.0,5.200000e-03,3.009328e+02
300.0,5.250000e-03,3.014895e+02
300.0,5.300000e-03,3.021725e+02
300.0,5.350000e-03,3.029820e+02
300.0,5.400000e-03,3.039177e+02
300.0,5.450000e-03,3.049798e+02
300.0,5.500000e-03,3.061683e+02
300.0,5.550000e-03,3.074830e+02
300.0,5.600000e-03,3.089242e+02
300.0,5.650000e-03,3.104917e+02
300.0,5.700000e-03,3.121855e+02
300.0,5.750000e-03,3.140057e+02
300.0,5.800000e-03,3.159522e+02
300.0,5.850000e-03,3.179808e+02
300.0,5.900000e-03,3.198345e+02
300.0,5.950000e-03,3.217820e+02
300.0,6.000000e-03,3.238234e+02
300.0,6.050000e-03,3.259586e+02
300.0,6.100000e-03,3.280928e+02
300.0,6.150000e-03,3.295595e+02
300.0,6.200000e-03,3.308470e+02
300.0,6.250000e-03,3.315907e+02
300.0,6.300000e-03,3.315420e+02
300.0,6.350000e-03,3.305506e+02
300.0,6.400000e-03,3.286815e+02
300.0,6.450000e-03,3.263802e+02
300.0,6.500000e-03,3.235394e+02
300.0,6.550000e-03,3.203202e+02
300.0,6.600000e-03,3.171187e+02
300.0,6.650000e-03,3.140028e+02
300.0,6.700000e-03,3.109291e+02
300.0,6.750000e-03,3.081420e+02
300.0,6.800000e-03,3.057380e+02
300.0,6.850000e-03,3.036580e+02
300.0,6.900000e-03,3.022150e+02
300.0,6.950000e-03,3.012642e+02
300.0,7.000000e-03,3.007205e+02
300.0,7.050000e-03,3.004623e+02
300.0,7.100000e-03,3.003724e+02
300.0,7.150000e-03,3.003586e+02
300.0,7.200000e-03,3.003707e+02
300.0,7.250000e-03,3.003875e+02
300.0,7.300000e-03,3.004049e+02
300.0,7.350000e-03,3.004227e+02
300.0,7.400000e-03,3.004409e+02
300.0,7.450000e-03,3.004594e+02
300.0,7.500000e-03,3.004773e+02
300.0,7.550000e-03,3.004593e+02
300.0,7.600000e-03,3.004409e+02
300.0,7.650000e-03,3.004228e+02
300.0,7.700000e-03,3.004050e+02
300.0,7.750000e-03,3.003879e+02
300.0,7.800000e-03,3.003708e+02
300.0,7.850000e-03,3.003536e+02
300.0,7.900000e-03,3.003380e+02
300.0,7.950000e-03,3.003228e+02
300.0,8.000000e-03,3.003076e+02
300.0,8.050000e-03,3.002924e+02
300.0,8.100000e-03,3.002772e+02
300.0,8.150000e-03,3.002620e+02
300.0,8.200000e-03,3.002468e+02
300.0,8.250000e-03,3.002346e+02
300.0,8.300000e-03,3.002233e+02
300.0,8.350000e-03,3.002120e+02
300.0,8.400000e-03,3.002007e+02
300.0,8.450000e-03,3.001893e+02
300.0,8.500000e-03,3.001780e+02
300.0,8.550000e-03,3.001667e+02
300.0,8.600000e-03,3.001554e+02
300.0,8.650000e-03,3.001441e+02
300.0,8.700000e-03,3.001328e+02
300.0,8.750000e-03,3.001214e+02
300.0,8.800000e-03,3.001101e+02
300.0,8.850000e-03,3.000988e+02
300.0,8.900000e-03,3.000875e+02
300.0,8.950000e-03,3.000793e+02
300.0,9.000000e-03,3.000727e+02
300.0,9.050000e-03,3.000661e+02
300.0,9.100000e-03,3.000594e+02
300.0,9.150000e-03,3.000528e+02
300.0,9.200000e-03,3.000476e+02
300.0,9.250000e-03,3.000432e+02
300.0,9.300000e-03,3.000387e+02
300.0,9.350000e-03,3.000343e+02
300.0,9.400000e-03,3.000298e+02
300.0,9.450000e-03,3.000253e+02
300.0,9.500000e-03,3.000209e+02
300.0,9.550000e-03,3.000164e+02
300.0,9.600000e-03,3.000120e+02
300.0,9.650000e-03,3.000075e+02
300.0,9.700000e-03,3.000051e+02
300.0,9.750000e-03,3.000037e+02
300.0,9.800000e-03,3.000022e+02
300.0,9.850000e-03,3.000008e+02
300.0,9.900000e-03,3.000000e+02
300.0,9.950000e-03,3.000002e+02
300.0,1.000000e-02,3.000000e+02
350.0,0.000000e+00,3.500000e+02
350.0,5.000000e-05,3.500002e+02
350.0,1.000000e-04,3.500008e+02
350.0,1.500000e-04,3.500018e+02
350.0,2.000000e-04,3.500031e+02
350.0,2.500000e-04,3.500048e+02
350.0,3.000000e-04,3.500069e+02
350.0,3.500000e-04,3.500095e+02
350.0,4.000000e-04,3.500124e+02
350.0,4.500000e-04,3.500157e+02
350.0,5.000000e-04,3.500194e+02
350.0,5.500000e-04,3.500236e+02
350.0,6.000000e-04,3.500283e+02
350.0,6.500000e-04,3.500334e+02
350.0,7.000000e-04,3.500391e+02
350.0,7.500000e-04,3.500454e+02
350.0,8.000000e-04,3.500526e+02
350.0,8.500000e-04,3.500607e+02
350.0,9.000000e-04,3.500702e+02
350.0,9.500000e-04,3.500816e+02
350.0,1.000000e-03,3.500956e+02
350.0,1.050000e-03,3.501136e+02
350.0,1.100000e-03,3.501380e+02
350.0,1.150000e-03,3.501730e+02
350.0,1.200000e-03,3.502268e+02
350.0,1.250000e-03,3.503166e+02
350.0,1.300000e-03,3.504823e+02
350.0,1.350000e-03,3.508310e+02
350.0,1.400000e-03,3.517122e+02
350.0,1.450000e-03,3.545518e+02
350.0,1.500000e-03,3.724518e+02
350.0,1.550000e-03,4.115314e+02
350.0,1.600000e-03,4.153837e+02
350.0,1.650000e-03,4.195236e+02
350.0,1.700000e-03,4.238393e+02
350.0,1.750000e-03,4.281551e+02
350.0,1.800000e-03,4.329107e+02
350.0,1.850000e-03,4.376678e+02
350.0,1.900000e-03,4.424249e+02
350.0,1.950000e-03,4.471820e+02
350.0,2.000000e-03,4.524854e+02
350.0,2.050000e-03,4.580599e+02
350.0,2.100000e-03,4.636345e+02
350.0,2.150000e-03,4.692091e+02
350.0,2.200000e-03,4.747837e+02
350.0,2.250000e-03,4.803582e+02
350.0,2.300000e-03,4.859328e+02
350.0,2.350000e-03,4.915074e+02
350.0,2.400000e-03,4.970891e+02
350.0,2.450000e-03,5.032854e+02
350.0,2.500000e-03,5.065599e+02
350.0,2.550000e-03,5.032735e+02
350.0,2.600000e-03,4.970633e+02
350.0,2.650000e-03,4.910357e+02
350.0,2.700000e-03,4.851202e+02
350.0,2.750000e-03,4.792890e+02
350.0,2.800000e-03,4.738028e+02
350.0,2.850000e-03,4.683165e+02
350.0,2.900000e-03,4.628303e+02
350.0,2.950000e-03,4.573440e+02
350.0,3.000000e-03,4.525836e+02
350.0,3.050000e-03,4.479125e+02
350.0,3.100000e-03,4.432414e+02
350.0,3.150000e-03,4.385702e+02
350.0,3.200000e-03,4.338991e+02
350.0,3.250000e-03,4.292280e+02
350.0,3.300000e-03,4.245569e+02
350.0,3.350000e-03,4.198858e+02
350.0,3.400000e-03,4.156737e+02
350.0,3.450000e-03,4.126519e+02
350.0,3.500000e-03,4.096302e+02
350.0,3.550000e-03,4.066085e+02
350.0,3.600000e-03,4.035868e+02
350.0,3.650000e-03,4.005651e+02
350.0,3.700000e-03,3.975433e+02
350.0,3.750000e-03,3.945216e+02
350.0,3.800000e-03,3.914999e+02
350.0,3.850000e-03,3.884782e+02
350.0,3.900000e-03,3.854564e+02
350.0,3.950000e-03,3.824347e+02
350.0,4.000000e-03,3.794130e+02
350.0,4.050000e-03,3.763913e+02
350.0,4.100000e-03,3.733695e+02
350.0,4.150000e-03,3.703478e+02
350.0,4.200000e-03,3.673261e+02
350.0,4.250000e-03,3.644174e+02
350.0,4.300000e-03,3.634849e+02
350.0,4.350000e-03,3.625525e+02
350.0,4.400000e-03,3.616200e+02
350.0,4.450000e-03,3.606875e+02
350.0,4.500000e-03,3.597550e+02
350.0,4.550000e-03,3.588225e+02
350.0,4.600000e-03,3.578901e+02
350.0,4.650000e-03,3.569576e+02
350.0,4.700000e-03,3.560251e+02
350.0,4.750000e-03,3.550926e+02
350.0,4.800000e-03,3.541601e+02
350.0,4.850000e-03,3.532277e+02
350.0,4.900000e-03,3.522952e+02
350.0,4.950000e-03,3.513627e+02
350.0,5.000000e-03,3.504302e+02
350.0,5.050000e-03,3.501806e+02
350.0,5.100000e-03,3.504843e+02
350.0,5.150000e-03,3.507881e+02
350.0,5.200000e-03,3.510918e+02
350.0,5.250000e-03,3.518361e+02
350.0,5.300000e-03,3.527908e+02
350.0,5.350000e-03,3.537455e+02
350.0,5.400000e-03,3.547001e+02
350.0,5.450000e-03,3.556548e+02
350.0,5.500000e-03,3.566094e+02
350.0,5.550000e-03,3.575641e+02
350.0,5.600000e-03,3.585188e+02
350.0,5.650000e-03,3.597708e+02
350.0,5.700000e-03,3.610465e+02
350.0,5.750000e-03,3.620973e+02
350.0,5.800000e-03,3.631453e+02
350.0,5.850000e-03,3.636096e+02
350.0,5.900000e-03,3.639561e+02
350.0,5.950000e-03,3.636021e+02
350.0,6.000000e-03,3.629123e+02
350.0,6.050000e-03,3.620177e+02
350.0,6.100000e-03,3.607101e+02
350.0,6.150000e-03,3.591488e+02
350.0,6.200000e-03,3.574253e+02
350.0,6.250000e-03,3.556109e+02
350.0,6.300000e-03,3.539938e+02
350.0,6.350000e-03,3.525444e+02
350.0,6.400000e-03,3.515208e+02
350.0,6.450000e-03,3.508937e+02
350.0,6.500000e-03,3.505498e+02
350.0,6.550000e-03,3.502982e+02
350.0,6.600000e-03,3.502274e+02
350.0,6.650000e-03,3.502141e+02
350.0,6.700000e-03,3.502217e+02
350.0,6.750000e-03,3.502344e+02
350.0,6.800000e-03,3.502480e+02
350.0,6.850000e-03,3.502620e+02
350.0,6.900000e-03,3.502763e+02
350.0,6.950000e-03,3.502911e+02
350.0,7.000000e-03,3.503062e+02
350.0,7.050000e-03,3.503218e+02
350.0,7.100000e-03,3.503376e+02
350.0,7.150000e-03,3.503540e+02
350.0,7.200000e-03,3.503709e+02
350.0,7.250000e-03,3.503879e+02
350.0,7.300000e-03,3.504048e+02
350.0,7.350000e-03,3.504224e+02
350.0,7.400000e-03,3.504408e+02
350.0,7.450000e-03,3.504579e+02
350.0,7.500000e-03,3.504651e+02
350.0,7.550000e-03,3.504595e+02
350.0,7.600000e-03,3.504407e+02
350.0,7.650000e-03,3.504226e+02
350.0,7.700000e-03,3.504050e+02
350.0,7.750000e-03,3.503877e+02
350.0,7.800000e-03,3.503703e+02
350.0,7.850000e-03,3.503544e+02
350.0,7.900000e-03,3.503384e+02
350.0,7.950000e-03,3.503224e+02
350.0,8.000000e-03,3.503064e+02
350.0,8.050000e-03,3.502904e+02
350.0,8.100000e-03,3.502770e+02
350.0,8.150000e-03,3.502638e+02
350.0,8.200000e-03,3.502506e+02
350.0,8.250000e-03,3.502375e+02
350.0,8.300000e-03,3.502243e+02
350.0,8.350000e-03,3.502111e+02
350.0,8.400000e-03,3.501979e+02
350.0,8.450000e-03,3.501848e+02
350.0,8.500000e-03,3.501716e+02
350.0,8.550000e-03,3.501584e+02
350.0,8.600000e-03,3.501490e+02
350.0,8.650000e-03,3.501414e+02
350.0,8.700000e-03,3.501338e+02
350.0,8.750000e-03,3.501262e+02
350.0,8.800000e-03,3.501186e+02
350.0,8.850000e-03,3.501110e+02
350.0,8.900000e-03,3.501034e+02
350.0,8.950000e-03,3.500958e+02
350.0,9.000000e-03,3.500882e+02
350.0,9.050000e-03,3.500806e+02
350.0,9.100000e-03,3.500730e+02
350.0,9.150000e-03,3.500654e+02
350.0,9.200000e-03,3.500578e+02
350.0,9.250000e-03,3.500501e+02
350.0,9.300000e-03,3.500425e+02
350.0,9.350000e-03,3.500349e+02
350.0,9.400000e-03,3.500273e+02
350.0,9.450000e-03,3.500197e+02
350.0,9.500000e-03,3.500121e+02
350.0,9.550000e-03,3.500045e+02
350.0,9.600000e-03,3.500016e+02
350.0,9.650000e-03,3.500009e+02
350.0,9.700000e-03,3.500002e+02
350.0,9.750000e-03,3.500000e+02
350.0,9.800000e-03,3.500000e+02
350.0,9.850000e-03,3.500007e+02
350.0,9.900000e-03,3.500008e+02
350.0,9.950000e-03,3.500002e+02
350.0,1.000000e-02,3.500000e+02
400.0,0.000000e+00,4.000000e+02
400.0,5.000000e-05,4.000002e+02
400.0,1.000000e-04,4.000008e+02
400.0,1.500000e-04,4.000018e+02
400.0,2.000000e-04,4.000032e+02
400.0,2.500000e-04,4.000051e+02
400.0,3.000000e-04,4.000075e+02
400.0,3.500000e-04,4.000106e+02
400.0,4.000000e-04,4.000145e+02
400.0,4.500000e-04,4.000195e+02
400.0,5.000000e-04,4.000261e+02
400.0,5.500000e-04,4.000351e+02
400.0,6.000000e-04,4.000479e+02
400.0,6.500000e-04,4.000672e+02
400.0,7.000000e-04,4.000984e+02
400.0,7.500000e-04,4.001531e+02
400.0,8.000000e-04,4.002591e+02
400.0,8.500000e-04,4.004904e+02
400.0,9.000000e-04,4.010723e+02
400.0,9.500000e-04,4.027797e+02
400.0,1.000000e-03,4.080931e+02
400.0,1.050000e-03,4.209251e+02
400.0,1.100000e-03,4.312494e+02
400.0,1.150000e-03,4.339428e+02
400.0,1.200000e-03,4.368139e+02
400.0,1.250000e-03,4.399535e+02
400.0,1.300000e-03,4.432414e+02
400.0,1.350000e-03,4.465594e+02
400.0,1.400000e-03,4.502979e+02
400.0,1.450000e-03,4.540365e+02
400.0,1.500000e-03,4.577751e+02
400.0,1.550000e-03,4.615137e+02
400.0,1.600000e-03,4.655867e+02
400.0,1.650000e-03,4.702245e+02
400.0,1.700000e-03,4.748622e+02
400.0,1.750000e-03,4.794999e+02
400.0,1.800000e-03,4.841377e+02
400.0,1.850000e-03,4.887754e+02
400.0,1.900000e-03,4.934132e+02
400.0,1.950000e-03,4.980509e+02
400.0,2.000000e-03,5.026886e+02
400.0,2.050000e-03,5.073264e+02
400.0,2.100000e-03,5.125961e+02
400.0,2.150000e-03,5.178773e+02
400.0,2.200000e-03,5.231586e+02
400.0,2.250000e-03,5.284398e+02
400.0,2.300000e-03,5.337210e+02
400.0,2.350000e-03,5.390022e+02
400.0,2.400000e-03,5.442835e+02
400.0,2.450000e-03,5.495647e+02
400.0,2.500000e-03,5.548459e+02
400.0,2.550000e-03,5.532592e+02
400.0,2.600000e-03,5.469454e+02
400.0,2.650000e-03,5.407705e+02
400.0,2.700000e-03,5.350248e+02
400.0,2.750000e-03,5.293237e+02
400.0,2.800000e-03,5.238169e+02
400.0,2.850000e-03,5.183102e+02
400.0,2.900000e-03,5.128034e+02
400.0,2.950000e-03,5.073530e+02
400.0,3.000000e-03,5.026344e+02
400.0,3.050000e-03,4.979158e+02
400.0,3.100000e-03,4.931972e+02
400.0,3.150000e-03,4.884786e+02
400.0,3.200000e-03,4.837600e+02
400.0,3.250000e-03,4.790414e+02
400.0,3.300000e-03,4.743228e+02
400.0,3.350000e-03,4.696042e+02
400.0,3.400000e-03,4.662112e+02
400.0,3.450000e-03,4.630689e+02
400.0,3.500000e-03,4.599267e+02
400.0,3.550000e-03,4.567844e+02
400.0,3.600000e-03,4.536422e+02
400.0,3.650000e-03,4.504999e+02
400.0,3.700000e-03,4.473577e+02
400.0,3.750000e-03,4.442154e+02
400.0,3.800000e-03,4.410731e+02
400.0,3.850000e-03,4.379309e+02
400.0,3.900000e-03,4.347886e+02
400.0,3.950000e-03,4.316464e+02
400.0,4.000000e-03,4.285041e+02
400.0,4.050000e-03,4.253619e+02
400.0,4.100000e-03,4.222196e+02
400.0,4.150000e-03,4.190774e+02
400.0,4.200000e-03,4.167328e+02
400.0,4.250000e-03,4.156924e+02
400.0,4.300000e-03,4.146519e+02
400.0,4.350000e-03,4.136115e+02
400.0,4.400000e-03,4.125710e+02
400.0,4.450000e-03,4.115306e+02
400.0,4.500000e-03,4.104901e+02
400.0,4.550000e-03,4.094496e+02
400.0,4.600000e-03,4.084092e+02
400.0,4.650000e-03,4.073687e+02
400.0,4.700000e-03,4.063283e+02
400.0,4.750000e-03,4.052878e+02
400.0,4.800000e-03,4.042474e+02
400.0,4.850000e-03,4.032069e+02
400.0,4.900000e-03,4.021665e+02
400.0,4.950000e-03,4.011260e+02
400.0,5.000000e-03,4.000855e+02
400.0,5.050000e-03,4.002373e+02
400.0,5.100000e-03,4.004953e+02
400.0,5.150000e-03,4.007533e+02
400.0,5.200000e-03,4.010113e+02
400.0,5.250000e-03,4.014833e+02
400.0,5.300000e-03,4.020079e+02
400.0,5.350000e-03,4.025325e+02
400.0,5.400000e-03,4.029324e+02
400.0,5.450000e-03,4.033147e+02
400.0,5.500000e-03,4.036969e+02
400.0,5.550000e-03,4.036560e+02
400.0,5.600000e-03,4.035921e+02
400.0,5.650000e-03,4.032452e+02
400.0,5.700000e-03,4.027928e+02
400.0,5.750000e-03,4.021794e+02
400.0,5.800000e-03,4.015735e+02
400.0,5.850000e-03,4.010277e+02
400.0,5.900000e-03,4.006086e+02
400.0,5.950000e-03,4.003356e+02
400.0,6.000000e-03,4.001947e+02
400.0,6.050000e-03,4.001296e+02
400.0,6.100000e-03,4.001067e+02
400.0,6.150000e-03,4.001043e+02
400.0,6.200000e-03,4.001106e+02
400.0,6.250000e-03,4.001196e+02
400.0,6.300000e-03,4.001294e+02
400.0,6.350000e-03,4.001395e+02
400.0,6.400000e-03,4.001500e+02
400.0,6.450000e-03,4.001609e+02
400.0,6.500000e-03,4.001722e+02
400.0,6.550000e-03,4.001839e+02
400.0,6.600000e-03,4.001960e+02
400.0,6.650000e-03,4.002085e+02
400.0,6.700000e-03,4.002215e+02
400.0,6.750000e-03,4.002346e+02
400.0,6.800000e-03,4.002478e+02
400.0,6.850000e-03,4.002626e+02
400.0,6.900000e-03,4.002775e+02
400.0,6.950000e-03,4.002923e+02
400.0,7.000000e-03,4.003071e+02
400.0,7.050000e-03,4.003220e+02
400.0,7.100000e-03,4.003368e+02
400.0,7.150000e-03,4.003530e+02
400.0,7.200000e-03,4.003700e+02
400.0,7.250000e-03,4.003870e+02
400.0,7.300000e-03,4.004043e+02
400.0,7.350000e-03,4.004225e+02
400.0,7.400000e-03,4.004407e+02
400.0,7.450000e-03,4.004568e+02
400.0,7.500000e-03,4.004715e+02
400.0,7.550000e-03,4.004594e+02
400.0,7.600000e-03,4.004408e+02
400.0,7.650000e-03,4.004228e+02
400.0,7.700000e-03,4.004050e+02
400.0,7.750000e-03,4.003875e+02
400.0,7.800000e-03,4.003710e+02
400.0,7.850000e-03,4.003544e+02
400.0,7.900000e-03,4.003379e+02
400.0,7.950000e-03,4.003213e+02
400.0,8.000000e-03,4.003066e+02
400.0,8.050000e-03,4.002925e+02
400.0,8.100000e-03,4.002784e+02
400.0,8.150000e-03,4.002643e+02
400.0,8.200000e-03,4.002502e+02
400.0,8.250000e-03,4.002361e+02
400.0,8.300000e-03,4.002220e+02
400.0,8.350000e-03,4.002079e+02
400.0,8.400000e-03,4.001938e+02
400.0,8.450000e-03,4.001840e+02
400.0,8.500000e-03,4.001747e+02
400.0,8.550000e-03,4.001655e+02
400.0,8.600000e-03,4.001563e+02
400.0,8.650000e-03,4.001471e+02
400.0,8.700000e-03,4.001379e+02
400.0,8.750000e-03,4.001287e+02
400.0,8.800000e-03,4.001195e+02
400.0,8.850000e-03,4.001102e+02
400.0,8.900000e-03,4.001010e+02
400.0,8.950000e-03,4.000918e+02
400.0,9.000000e-03,4.000826e+02
400.0,9.050000e-03,4.000734e+02
400.0,9.100000e-03,4.000642e+02
400.0,9.150000e-03,4.000550e+02
400.0,9.200000e-03,4.000457e+02
400.0,9.250000e-03,4.000365e+02
400.0,9.300000e-03,4.000282e+02
400.0,9.350000e-03,4.000250e+02
400.0,9.400000e-03,4.000218e+02
400.0,9.450000e-03,4.000186e+02
400.0,9.500000e-03,4.000154e+02
400.0,9.550000e-03,4.000124e+02
400.0,9.600000e-03,4.000107e+02
400.0,9.650000e-03,4.000089e+02
400.0,9.700000e-03,4.000069e+02
400.0,9.750000e-03,4.000050e+02
400.0,9.800000e-03,4.000032e+02
400.0,9.850000e-03,4.000017e+02
400.0,9.900000e-03,4.000008e+02
400.0,9.950000e-03,4.000002e+02
400.0,1.000000e-02,4.000000e+02
450.0,0.000000e+00,4.500000e+02
450.0,5.000000e-05,4.500002e+02
450.0,1.000000e-04,4.500009e+02
450.0,1.500000e-04,4.500023e+02
450.0,2.000000e-04,4.500050e+02
450.0,2.500000e-04,4.500106e+02
450.0,3.000000e-04,4.500228e+02
450.0,3.500000e-04,4.500529e+02
450.0,4.000000e-04,4.501422e+02
450.0,4.500000e-04,4.504230e+02
450.0,5.000000e-04,4.512250e+02
450.0,5.500000e-04,4.532824e+02
450.0,6.000000e-04,4.568010e+02
450.0,6.500000e-04,4.600643e+02
450.0,7.000000e-04,4.623814e+02
450.0,7.500000e-04,4.643449e+02
450.0,8.000000e-04,4.663964e+02
450.0,8.500000e-04,4.684759e+02
450.0,9.000000e-04,4.708418e+02
450.0,9.500000e-04,4.733083e+02
450.0,1.000000e-03,4.757747e+02
450.0,1.050000e-03,4.782412e+02
450.0,1.100000e-03,4.812038e+02
450.0,1.150000e-03,4.844570e+02
450.0,1.200000e-03,4.877102e+02
450.0,1.250000e-03,4.909634e+02
450.0,1.300000e-03,4.942167e+02
450.0,1.350000e-03,4.974699e+02
450.0,1.400000e-03,5.007231e+02
450.0,1.450000e-03,5.039763e+02
450.0,1.500000e-03,5.078776e+02
450.0,1.550000e-03,5.127049e+02
450.0,1.600000e-03,5.175322e+02
450.0,1.650000e-03,5.223595e+02
450.0,1.700000e-03,5.271868e+02
450.0,1.750000e-03,5.320141e+02
450.0,1.800000e-03,5.368414e+02
450.0,1.850000e-03,5.416687e+02
450.0,1.900000e-03,5.464960e+02
450.0,1.950000e-03,5.513233e+02
450.0,2.000000e-03,5.561506e+02
450.0,2.050000e-03,5.609779e+02
450.0,2.100000e-03,5.658052e+02
450.0,2.150000e-03,5.706325e+02
450.0,2.200000e-03,5.754598e+02
450.0,2.250000e-03,5.802871e+02
450.0,2.300000e-03,5.851144e+02
450.0,2.350000e-03,5.908094e+02
450.0,2.400000e-03,5.965275e+02
450.0,2.450000e-03,6.022457e+02
450.0,2.500000e-03,6.079638e+02
450.0,2.550000e-03,6.032414e+02
450.0,2.600000e-03,5.968854e+02
450.0,2.650000e-03,5.909453e+02
450.0,2.700000e-03,5.851370e+02
450.0,2.750000e-03,5.794009e+02
450.0,2.800000e-03,5.736649e+02
450.0,2.850000e-03,5.681307e+02
450.0,2.900000e-03,5.629827e+02
450.0,2.950000e-03,5.578348e+02
450.0,3.000000e-03,5.526868e+02
450.0,3.050000e-03,5.475388e+02
450.0,3.100000e-03,5.423908e+02
450.0,3.150000e-03,5.376826e+02
450.0,3.200000e-03,5.336694e+02
450.0,3.250000e-03,5.296562e+02
450.0,3.300000e-03,5.256429e+02
450.0,3.350000e-03,5.216297e+02
450.0,3.400000e-03,5.176164e+02
450.0,3.450000e-03,5.136032e+02
450.0,3.500000e-03,5.095899e+02
450.0,3.550000e-03,5.055767e+02
450.0,3.600000e-03,5.015634e+02
450.0,3.650000e-03,4.975502e+02
450.0,3.700000e-03,4.935369e+02
450.0,3.750000e-03,4.902479e+02
450.0,3.800000e-03,4.877555e+02
450.0,3.850000e-03,4.852631e+02
450.0,3.900000e-03,4.827707e+02
450.0,3.950000e-03,4.802783e+02
450.0,4.000000e-03,4.777859e+02
450.0,4.050000e-03,4.752935e+02
450.0,4.100000e-03,4.728011e+02
450.0,4.150000e-03,4.703087e+02
450.0,4.200000e-03,4.678163e+02
450.0,4.250000e-03,4.653239e+02
450.0,4.300000e-03,4.628315e+02
450.0,4.350000e-03,4.611982e+02
450.0,4.400000e-03,4.602266e+02
450.0,4.450000e-03,4.592551e+02
450.0,4.500000e-03,4.582836e+02
450.0,4.550000e-03,4.573120e+02
450.0,4.600000e-03,4.563405e+02
450.0,4.650000e-03,4.553689e+02
450.0,4.700000e-03,4.543974e+02
450.0,4.750000e-03,4.534258e+02
450.0,4.800000e-03,4.524543e+02
450.0,4.850000e-03,4.514827e+02
450.0,4.900000e-03,4.505112e+02
450.0,4.950000e-03,4.500468e+02
450.0,5.000000e-03,4.500000e+02
450.0,5.050000e-03,4.500002e+02
450.0,5.100000e-03,4.501370e+02
450.0,5.150000e-03,4.502990e+02
450.0,5.200000e-03,4.504110e+02
450.0,5.250000e-03,4.505289e+02
450.0,5.300000e-03,4.504990e+02
450.0,5.350000e-03,4.503902e+02
450.0,5.400000e-03,4.502797e+02
450.0,5.450000e-03,4.501611e+02
450.0,5.500000e-03,4.500896e+02
450.0,5.550000e-03,4.500492e+02
450.0,5.600000e-03,4.500365e+02
450.0,5.650000e-03,4.500347e+02
450.0,5.700000e-03,4.500379e+02
450.0,5.750000e-03,4.500431e+02
450.0,5.800000e-03,4.500490e+02
450.0,5.850000e-03,4.500553e+02
450.0,5.900000e-03,4.500620e+02
450.0,5.950000e-03,4.500691e+02
450.0,6.000000e-03,4.500765e+02
450.0,6.050000e-03,4.500844e+02
450.0,6.100000e-03,4.500926e+02
450.0,6.150000e-03,4.501013e+02
450.0,6.200000e-03,4.501104e+02
450.0,6.250000e-03,4.501199e+02
450.0,6.300000e-03,4.501295e+02
450.0,6.350000e-03,4.501394e+02
450.0,6.400000e-03,4.501508e+02
450.0,6.450000e-03,4.501621e+02
450.0,6.500000e-03,4.501735e+02
450.0,6.550000e-03,4.501848e+02
450.0,6.600000e-03,4.501961e+02
450.0,6.650000e-03,4.502075e+02
450.0,6.700000e-03,4.502214e+02
450.0,6.750000e-03,4.502363e+02
450.0,6.800000e-03,4.502513e+02
450.0,6.850000e-03,4.502662e+02
450.0,6.900000e-03,4.502811e+02
450.0,6.950000e-03,4.502961e+02
450.0,7.000000e-03,4.503110e+02
450.0,7.050000e-03,4.503259e+02
450.0,7.100000e-03,4.503409e+02
450.0,7.150000e-03,4.503558e+02
450.0,7.200000e-03,4.503707e+02
450.0,7.250000e-03,4.503857e+02
450.0,7.300000e-03,4.504006e+02
450.0,7.350000e-03,4.504119e+02
450.0,7.400000e-03,4.504214e+02
450.0,7.450000e-03,4.504309e+02
450.0,7.500000e-03,4.504404e+02
450.0,7.550000e-03,4.504499e+02
450.0,7.600000e-03,4.504407e+02
450.0,7.650000e-03,4.504224e+02
450.0,7.700000e-03,4.504048e+02
450.0,7.750000e-03,4.503874e+02
450.0,7.800000e-03,4.503708e+02
450.0,7.850000e-03,4.503541e+02
450.0,7.900000e-03,4.503375e+02
450.0,7.950000e-03,4.503220e+02
450.0,8.000000e-03,4.503073e+02
450.0,8.050000e-03,4.502925e+02
450.0,8.100000e-03,4.502777e+02
450.0,8.150000e-03,4.502629e+02
450.0,8.200000e-03,4.502481e+02
450.0,8.250000e-03,4.502333e+02
450.0,8.300000e-03,4.502216e+02
450.0,8.350000e-03,4.502105e+02
450.0,8.400000e-03,4.501995e+02
450.0,8.450000e-03,4.501885e+02
450.0,8.500000e-03,4.501775e+02
450.0,8.550000e-03,4.501664e+02
450.0,8.600000e-03,4.501554e+02
450.0,8.650000e-03,4.501444e+02
450.0,8.700000e-03,4.501334e+02
450.0,8.750000e-03,4.501223e+02
450.0,8.800000e-03,4.501113e+02
450.0,8.850000e-03,4.501003e+02
450.0,8.900000e-03,4.500893e+02
450.0,8.950000e-03,4.500789e+02
450.0,9.000000e-03,4.500724e+02
450.0,9.050000e-03,4.500659e+02
450.0,9.100000e-03,4.500594e+02
450.0,9.150000e-03,4.500529e+02
450.0,9.200000e-03,4.500467e+02
450.0,9.250000e-03,4.500425e+02
450.0,9.300000e-03,4.500382e+02
450.0,9.350000e-03,4.500340e+02
450.0,9.400000e-03,4.500297e+02
450.0,9.450000e-03,4.500254e+02
450.0,9.500000e-03,4.500212e+02
450.0,9.550000e-03,4.500169e+02
450.0,9.600000e-03,4.500127e+02
450.0,9.650000e-03,4.500084e+02
450.0,9.700000e-03,4.500047e+02
450.0,9.750000e-03,4.500041e+02
450.0,9.800000e-03,4.500031e+02
450.0,9.850000e-03,4.500017e+02
450.0,9.900000e-03,4.500008e+02
450.0,9.950000e-03,4.500002e+02
450.0,1.000000e-02,4.500000e+02
