t_s,V_V,I_A,x,Tmax_K
0.000000e+00,0.000000e+00,0.000000e+00,1.000000e-03,3.000000e+02
5.000000e-05,9.000000e-02,9.006166e-07,1.000093e-03,3.000002e+02
1.000000e-04,1.800000e-01,1.800892e-06,1.000411e-03,3.000008e+02
1.500000e-04,2.700000e-01,2.701161e-06,1.001008e-03,3.000019e+02
2.000000e-04,3.600000e-01,3.601434e-06,1.002348e-03,3.000034e+02
2.500000e-04,4.500000e-01,4.501711e-06,1.004574e-03,3.000054e+02
3.000000e-04,5.400000e-01,5.401989e-06,1.006800e-03,3.000074e+02
3.500000e-04,6.300000e-01,6.302266e-06,1.009026e-03,3.000095e+02
4.000000e-04,7.200000e-01,7.202559e-06,1.016249e-03,3.000128e+02
4.500000e-04,8.100000e-01,8.102852e-06,1.023954e-03,3.000162e+02
5.000000e-04,9.000000e-01,9.003150e-06,1.031658e-03,3.000196e+02
5.500000e-04,9.900000e-01,9.903455e-06,1.042080e-03,3.000234e+02
6.000000e-04,1.080000e+00,1.080378e-05,1.057163e-03,3.000279e+02
6.500000e-04,1.170000e+00,1.170413e-05,1.078632e-03,3.000327e+02
7.000000e-04,1.260000e+00,1.260451e-05,1.108152e-03,3.000379e+02
7.500000e-04,1.350000e+00,1.350494e-05,1.150326e-03,3.000435e+02
8.000000e-04,1.440000e+00,1.440542e-05,1.204353e-03,3.000494e+02
8.500000e-04,1.530000e+00,1.530603e-05,1.284275e-03,3.000558e+02
9.000000e-04,1.620000e+00,1.620676e-05,1.388570e-03,3.000626e+02
9.500000e-04,1.710000e+00,1.710770e-05,1.531716e-03,3.000697e+02
1.000000e-03,1.800000e+00,1.800892e-05,1.730796e-03,3.000774e+02
1.050000e-03,1.890000e+00,1.891056e-05,2.004134e-03,3.000854e+02
1.100000e-03,1.980000e+00,1.981284e-05,2.387833e-03,3.000939e+02
1.150000e-03,2.070000e+00,2.071601e-05,2.919866e-03,3.001030e+02
1.200000e-03,2.160000e+00,2.162055e-05,3.673909e-03,3.001126e+02
1.250000e-03,2.250000e+00,2.252707e-05,4.733651e-03,3.001229e+02
1.300000e-03,2.340000e+00,2.343644e-05,6.211241e-03,3.001341e+02
1.350000e-03,2.430000e+00,2.434967e-05,8.221926e-03,3.001463e+02
1.400000e-03,2.520000e+00,2.526907e-05,1.105620e-02,3.001600e+02
1.450000e-03,2.610000e+00,2.619789e-05,1.508072e-02,3.001757e+02
1.500000e-03,2.700000e+00,2.714085e-05,2.076908e-02,3.001943e+02
1.550000e-03,2.790000e+00,2.810620e-05,2.885637e-02,3.002175e+02
1.600000e-03,2.880000e+00,2.910699e-05,4.033706e-02,3.002478e+02
1.650000e-03,2.970000e+00,3.016498e-05,5.657891e-02,3.002895e+02
1.700000e-03,3.060000e+00,3.132562e-05,7.977197e-02,3.003519e+02
1.750000e-03,3.150000e+00,3.267206e-05,1.127653e-01,3.004521e+02
1.800000e-03,3.240000e+00,3.438855e-05,1.597989e-01,3.006280e+02
1.850000e-03,3.330000e+00,3.701442e-05,2.279685e-01,3.009925e+02
1.900000e-03,3.420000e+00,4.214352e-05,3.280865e-01,3.018815e+02
1.950000e-03,3.510000e+00,5.755616e-05,4.855498e-01,3.049478e+02
2.000000e-03,3.600000e+00,3.594319e-04,9.309459e-01,3.690599e+02
2.050000e-03,3.690000e+00,5.279791e-04,9.999978e-01,4.073189e+02
2.100000e-03,3.780000e+00,5.408639e-04,1.000001e+00,4.126324e+02
2.150000e-03,3.870000e+00,5.537419e-04,1.000001e+00,4.180660e+02
2.200000e-03,3.960000e+00,5.666187e-04,1.000001e+00,4.237000e+02
2.250000e-03,4.050000e+00,5.794955e-04,1.000000e+00,4.293341e+02
2.300000e-03,4.140000e+00,5.901855e-04,9.999999e-01,4.341756e+02
2.350000e-03,4.230000e+00,5.993235e-04,9.999998e-01,4.384546e+02
2.400000e-03,4.320000e+00,6.084615e-04,9.999997e-01,4.427336e+02
2.450000e-03,4.410000e+00,6.175995e-04,9.999996e-01,4.470126e+02
2.500000e-03,4.500000e+00,6.267374e-04,9.999995e-01,4.512916e+02
2.550000e-03,4.410000e+00,6.310245e-04,9.999994e-01,4.532533e+02
2.600000e-03,4.320000e+00,6.181737e-04,9.999993e-01,4.470286e+02
2.650000e-03,4.230000e+00,6.052956e-04,9.999995e-01,4.409494e+02
2.700000e-03,4.140000e+00,5.923861e-04,9.999999e-01,4.350368e+02
2.750000e-03,4.050000e+00,5.795019e-04,9.999999e-01,4.293661e+02
2.800000e-03,3.960000e+00,5.666210e-04,1.000000e+00,4.237261e+02
2.850000e-03,3.870000e+00,5.537400e-04,1.000000e+00,4.180861e+02
2.900000e-03,3.780000e+00,5.408615e-04,1.000000e+00,4.128746e+02
2.950000e-03,3.690000e+00,5.279838e-04,1.000000e+00,4.078221e+02
3.000000e-03,3.600000e+00,5.151062e-04,1.000000e+00,4.027696e+02
3.050000e-03,3.510000e+00,5.022285e-04,1.000000e+00,3.977171e+02
3.100000e-03,3.420000e+00,4.893508e-04,1.000000e+00,3.926646e+02
3.150000e-03,3.330000e+00,4.764732e-04,1.000000e+00,3.876121e+02
3.200000e-03,3.240000e+00,4.635955e-04,1.000000e+00,3.830596e+02
3.250000e-03,3.150000e+00,4.507178e-04,9.999999e-01,3.792167e+02
3.300000e-03,3.060000e+00,4.378401e-04,9.999999e-01,3.753739e+02
3.350000e-03,2.970000e+00,4.249623e-04,9.999999e-01,3.715310e+02
3.400000e-03,2.880000e+00,4.120846e-04,9.999998e-01,3.676881e+02
3.450000e-03,2.790000e+00,3.992069e-04,9.999998e-01,3.638452e+02
3.500000e-03,2.700000e+00,3.863292e-04,9.999998e-01,3.600024e+02
3.550000e-03,2.610000e+00,3.734515e-04,9.999997e-01,3.561595e+02
3.600000e-03,2.520000e+00,3.605737e-04,9.999997e-01,3.523166e+02
3.650000e-03,2.430000e+00,3.476960e-04,9.999997e-01,3.484737e+02
3.700000e-03,2.340000e+00,3.348183e-04,9.999996e-01,3.446308e+02
3.750000e-03,2.250000e+00,3.219406e-04,9.999996e-01,3.407880e+02
3.800000e-03,2.160000e+00,3.090629e-04,9.999996e-01,3.369451e+02
3.850000e-03,2.070000e+00,2.961852e-04,9.999995e-01,3.343628e+02
3.900000e-03,1.980000e+00,2.833075e-04,9.999995e-01,3.321328e+02
3.950000e-03,1.890000e+00,2.704298e-04,9.999994e-01,3.299027e+02
4.000000e-03,1.800000e+00,2.575522e-04,9.999994e-01,3.276727e+02
4.050000e-03,1.710000e+00,2.446745e-04,9.999993e-01,3.254427e+02
4.100000e-03,1.620000e+00,2.317968e-04,9.999993e-01,3.232126e+02
4.150000e-03,1.530000e+00,2.189192e-04,9.999992e-01,3.209826e+02
4.200000e-03,1.440000e+00,2.060415e-04,9.999992e-01,3.187526e+02
4.250000e-03,1.350000e+00,1.931638e-04,9.999991e-01,3.165225e+02
4.300000e-03,1.260000e+00,1.802861e-04,9.999991e-01,3.142925e+02
4.350000e-03,1.170000e+00,1.674085e-04,9.999990e-01,3.120625e+02
4.400000e-03,1.080000e+00,1.545308e-04,9.999990e-01,3.098325e+02
4.450000e-03,9.900000e-01,1.416531e-04,9.999989e-01,3.078440e+02
4.500000e-03,9.000000e-01,1.287756e-04,9.999987e-01,3.072268e+02
4.550000e-03,8.100000e-01,1.158980e-04,9.999985e-01,3.066096e+02
4.600000e-03,7.200000e-01,1.030204e-04,9.999983e-01,3.059924e+02
4.650000e-03,6.300000e-01,9.014288e-05,9.999981e-01,3.053752e+02
4.700000e-03,5.400000e-01,7.726531e-05,9.999978e-01,3.047580e+02
4.750000e-03,4.500000e-01,6.438775e-05,9.999976e-01,3.041409e+02
4.800000e-03,3.600000e-01,5.151018e-05,9.999974e-01,3.035237e+02
4.850000e-03,2.700000e-01,3.863261e-05,9.999972e-01,3.029065e+02
4.900000e-03,1.800000e-01,2.575505e-05,9.999970e-01,3.022893e+02
4.950000e-03,9.000000e-02,1.287748e-05,9.999968e-01,3.016721e+02
5.000000e-03,3.508355e-16,-8.579238e-11,9.999966e-01,3.010549e+02
5.050000e-03,-9.000000e-02,-1.287765e-05,9.999964e-01,3.004377e+02
5.100000e-03,-1.800000e-01,-2.575465e-05,9.999953e-01,3.002553e+02
5.150000e-03,-2.700000e-01,-3.863100e-05,9.999932e-01,3.005745e+02
5.200000e-03,-3.600000e-01,-5.150718e-05,9.999908e-01,3.010213e+02
5.250000e-03,-4.500000e-01,-6.438320e-05,9.999882e-01,3.015958e+02
5.300000e-03,-5.400000e-01,-7.725904e-05,9.999854e-01,3.022980e+02
5.350000e-03,-6.300000e-01,-9.013473e-05,9.999822e-01,3.031278e+02
5.400000e-03,-7.200000e-01,-1.029054e-04,9.999035e-01,3.040739e+02
5.450000e-03,-8.100000e-01,-1.151666e-04,9.994581e-01,3.050923e+02
5.500000e-03,-9.000000e-01,-1.272686e-04,9.988980e-01,3.062211e+02
5.550000e-03,-9.900000e-01,-1.392112e-04,9.982232e-01,3.074603e+02
5.600000e-03,-1.080000e+00,-1.509946e-04,9.974337e-01,3.088099e+02
5.650000e-03,-1.170000e+00,-1.626187e-04,9.965294e-01,3.102698e+02
5.700000e-03,-1.260000e+00,-1.740836e-04,9.955105e-01,3.118401e+02
5.750000e-03,-1.350000e+00,-1.853891e-04,9.943769e-01,3.135207e+02
5.800000e-03,-1.440000e+00,-1.965354e-04,9.931285e-01,3.153118e+02
5.850000e-03,-1.530000e+00,-2.075224e-04,9.917655e-01,3.172132e+02
5.900000e-03,-1.620000e+00,-2.183502e-04,9.902878e-01,3.192250e+02
5.950000e-03,-1.710000e+00,-2.290187e-04,9.886953e-01,3.213472e+02
6.000000e-03,-1.800000e+00,-2.395279e-04,9.869882e-01,3.235797e+02
6.050000e-03,-1.890000e+00,-2.473528e-04,9.837637e-01,3.255356e+02
6.100000e-03,-1.980000e+00,-2.525894e-04,9.790752e-01,3.272295e+02
6.150000e-03,-2.070000e+00,-2.569959e-04,9.738994e-01,3.289309e+02
6.200000e-03,-2.160000e+00,-2.588531e-04,9.671185e-01,3.303540e+02
6.250000e-03,-2.250000e+00,-2.557806e-04,9.571852e-01,3.311028e+02
6.300000e-03,-2.340000e+00,-2.474400e-04,9.430181e-01,3.310188e+02
6.350000e-03,-2.430000e+00,-2.335959e-04,9.243679e-01,3.300512e+02
6.400000e-03,-2.520000e+00,-2.144945e-04,9.014954e-01,3.282532e+02
6.450000e-03,-2.610000e+00,-1.941732e-04,8.744430e-01,3.260217e+02
6.500000e-03,-2.700000e+00,-1.731474e-04,8.432160e-01,3.234076e+02
6.550000e-03,-2.790000e+00,-1.499831e-04,8.077993e-01,3.202698e+02
6.600000e-03,-2.880000e+00,-1.274257e-04,7.678058e-01,3.169856e+02
6.650000e-03,-2.970000e+00,-1.077574e-04,7.222244e-01,3.138989e+02
6.700000e-03,-3.060000e+00,-8.981044e-05,6.694884e-01,3.109257e+02
6.750000e-03,-3.150000e+00,-7.377911e-05,6.089887e-01,3.081079e+02
6.800000e-03,-3.240000e+00,-6.091357e-05,5.370534e-01,3.057315e+02
6.850000e-03,-3.330000e+00,-5.070598e-05,4.551247e-01,3.036881e+02
6.900000e-03,-3.420000e+00,-4.374789e-05,3.606778e-01,3.022354e+02
6.950000e-03,-3.510000e+00,-3.980943e-05,2.546939e-01,3.012733e+02
7.000000e-03,-3.600000e+00,-3.796655e-05,1.473383e-01,3.007234e+02
7.050000e-03,-3.690000e+00,-3.755249e-05,6.274020e-02,3.004632e+02
7.100000e-03,-3.780000e+00,-3.795995e-05,1.698569e-02,3.003726e+02
7.150000e-03,-3.870000e+00,-3.872434e-05,2.341175e-03,3.003587e+02
7.200000e-03,-3.960000e+00,-3.960422e-05,1.107940e-04,3.003707e+02
7.250000e-03,-4.050000e+00,-4.050330e-05,1.473075e-06,3.003875e+02
7.300000e-03,-4.140000e+00,-4.140334e-05,3.192905e-09,3.004049e+02
7.350000e-03,-4.230000e+00,-4.230341e-05,5.379743e-13,3.004227e+02
7.400000e-03,-4.320000e+00,-4.320346e-05,5.407986e-17,3.004409e+02
7.450000e-03,-4.410000e+00,-4.410352e-05,5.407896e-17,3.004595e+02
7.500000e-03,-4.500000e+00,-4.450285e-05,5.407813e-17,3.004678e+02
7.550000e-03,-4.410000e+00,-4.410313e-05,5.407732e-17,3.004595e+02
7.600000e-03,-4.320000e+00,-4.320278e-05,5.407655e-17,3.004408e+02
7.650000e-03,-4.230000e+00,-4.230268e-05,5.407582e-17,3.004227e+02
7.700000e-03,-4.140000e+00,-4.140263e-05,5.407514e-17,3.004051e+02
7.750000e-03,-4.050000e+00,-4.050259e-05,5.407446e-17,3.003874e+02
7.800000e-03,-3.960000e+00,-3.960253e-05,5.407388e-17,3.003709e+02
7.850000e-03,-3.870000e+00,-3.870246e-05,5.407331e-17,3.003545e+02
7.900000e-03,-3.780000e+00,-3.780240e-05,5.407275e-17,3.003381e+02
7.950000e-03,-3.690000e+00,-3.690234e-05,5.407219e-17,3.003217e+02
8.000000e-03,-3.600000e+00,-3.600228e-05,5.407171e-17,3.003059e+02
8.050000e-03,-3.510000e+00,-3.510222e-05,5.407152e-17,3.002920e+02
8.100000e-03,-3.420000e+00,-3.420215e-05,5.407133e-17,3.002782e+02
8.150000e-03,-3.330000e+00,-3.330209e-05,5.407114e-17,3.002644e+02
8.200000e-03,-3.240000e+00,-3.240203e-05,5.407095e-17,3.002505e+02
8.250000e-03,-3.150000e+00,-3.150196e-05,5.407076e-17,3.002367e+02
8.300000e-03,-3.060000e+00,-3.060189e-05,5.407057e-17,3.002228e+02
8.350000e-03,-2.970000e+00,-2.970182e-05,5.407038e-17,3.002090e+02
8.400000e-03,-2.880000e+00,-2.880177e-05,5.407019e-17,3.001951e+02
8.450000e-03,-2.790000e+00,-2.790171e-05,5.407001e-17,3.001814e+02
8.500000e-03,-2.700000e+00,-2.700164e-05,5.406999e-17,3.001726e+02
8.550000e-03,-2.610000e+00,-2.610156e-05,5.406997e-17,3.001638e+02
8.600000e-03,-2.520000e+00,-2.520150e-05,5.406994e-17,3.001551e+02
8.650000e-03,-2.430000e+00,-2.430144e-05,5.406992e-17,3.001463e+02
8.700000e-03,-2.340000e+00,-2.340136e-05,5.406990e-17,3.001375e+02
8.750000e-03,-2.250000e+00,-2.250130e-05,5.406988e-17,3.001287e+02
8.800000e-03,-2.160000e+00,-2.160124e-05,5.406986e-17,3.001200e+02
8.850000e-03,-2.070000e+00,-2.070118e-05,5.406984e-17,3.001112e+02
8.900000e-03,-1.980000e+00,-1.980110e-05,5.406981e-17,3.001024e+02
8.950000e-03,-1.890000e+00,-1.890104e-05,5.406979e-17,3.000937e+02
9.000000e-03,-1.800000e+00,-1.800097e-05,5.406977e-17,3.000849e+02
9.050000e-03,-1.710000e+00,-1.710091e-05,5.406975e-17,3.000761e+02
9.100000e-03,-1.620000e+00,-1.620084e-05,5.406973e-17,3.000673e+02
9.150000e-03,-1.530000e+00,-1.530078e-05,5.406971e-17,3.000586e+02
9.200000e-03,-1.440000e+00,-1.440071e-05,5.406968e-17,3.000498e+02
9.250000e-03,-1.350000e+00,-1.350065e-05,5.406966e-17,3.000410e+02
9.300000e-03,-1.260000e+00,-1.260058e-05,5.406964e-17,3.000322e+02
9.350000e-03,-1.170000e+00,-1.170052e-05,5.406962e-17,3.000235e+02
9.400000e-03,-1.080000e+00,-1.080045e-05,5.406961e-17,3.000184e+02
9.450000e-03,-9.900000e-01,-9.900386e-06,5.406960e-17,3.000158e+02
9.500000e-03,-9.000000e-01,-9.000319e-06,5.406960e-17,3.000132e+02
9.550000e-03,-8.100000e-01,-8.100252e-06,5.406960e-17,3.000106e+02
9.600000e-03,-7.200000e-01,-7.200186e-06,5.406959e-17,3.000080e+02
9.650000e-03,-6.300000e-01,-6.300123e-06,5.406959e-17,3.000053e+02
9.700000e-03,-5.400000e-01,-5.400059e-06,5.406958e-17,3.000027e+02
9.750000e-03,-4.500000e-01,-4.499993e-06,5.406958e-17,3.000001e+02
9.800000e-03,-3.600000e-01,-3.599927e-06,5.406957e-17,3.000000e+02
9.850000e-03,-2.700000e-01,-2.699861e-06,5.406957e-17,3.000000e+02
9.900000e-03,-1.800000e-01,-1.799796e-06,5.406957e-17,3.000004e+02
9.950000e-03,-9.000000e-02,-8.997313e-07,5.406956e-17,3.000004e+02
1.000000e-02,-7.016709e-16,3.337942e-10,5.407133e-17,3.000000e+02
1.005000e-02,9.000000e-02,9.003986e-07,6.694628e-08,3.000002e+02
1.010000e-02,1.800000e-01,1.800464e-06,2.762551e-07,3.000008e+02
1.015000e-02,2.700000e-01,2.700530e-06,6.560785e-07,3.000017e+02
1.020000e-02,3.600000e-01,3.600597e-06,1.251666e-06,3.000031e+02
1.025000e-02,4.500000e-01,4.500663e-06,2.135980e-06,3.000048e+02
1.030000e-02,5.400000e-01,5.400729e-06,3.417275e-06,3.000069e+02
1.035000e-02,6.300000e-01,6.300797e-06,5.252454e-06,3.000094e+02
1.040000e-02,7.200000e-01,7.200863e-06,7.866310e-06,3.000122e+02
1.045000e-02,8.100000e-01,8.100943e-06,1.157913e-05,3.000155e+02
1.050000e-02,9.000000e-01,9.001021e-06,1.685105e-05,3.000191e+02
1.055000e-02,9.900000e-01,9.901108e-06,2.432763e-05,3.000232e+02
1.060000e-02,1.080000e+00,1.080120e-05,3.492410e-05,3.000276e+02
1.065000e-02,1.170000e+00,1.170132e-05,4.993959e-05,3.000324e+02
1.070000e-02,1.260000e+00,1.260145e-05,7.121513e-05,3.000375e+02
1.075000e-02,1.350000e+00,1.350163e-05,1.013597e-04,3.000431e+02
1.080000e-02,1.440000e+00,1.440186e-05,1.440709e-04,3.000490e+02
1.085000e-02,1.530000e+00,1.530217e-05,2.046288e-04,3.000554e+02
1.090000e-02,1.620000e+00,1.620261e-05,2.904941e-04,3.000621e+02
1.095000e-02,1.710000e+00,1.710322e-05,4.121721e-04,3.000692e+02
1.100000e-02,1.800000e+00,1.800409e-05,5.845951e-04,3.000768e+02
1.105000e-02,1.890000e+00,1.890536e-05,8.289232e-04,3.000848e+02
1.110000e-02,1.980000e+00,1.980719e-05,1.175144e-03,3.000933e+02
1.115000e-02,2.070000e+00,2.070989e-05,1.665763e-03,3.001022e+02
1.120000e-02,2.160000e+00,2.161384e-05,2.361260e-03,3.001117e+02
1.125000e-02,2.250000e+00,2.251964e-05,3.347864e-03,3.001220e+02
1.130000e-02,2.340000e+00,2.342819e-05,4.746239e-03,3.001330e+02
1.135000e-02,2.430000e+00,2.434086e-05,6.728246e-03,3.001451e+02
1.140000e-02,2.520000e+00,2.525960e-05,9.537581e-03,3.001586e+02
1.145000e-02,2.610000e+00,2.618756e-05,1.351992e-02,3.001741e+02
1.150000e-02,2.700000e+00,2.712954e-05,1.916592e-02,3.001925e+02
1.155000e-02,2.790000e+00,2.809324e-05,2.717262e-02,3.002154e+02
1.160000e-02,2.880000e+00,2.909169e-05,3.854598e-02,3.002452e+02
1.165000e-02,2.970000e+00,3.014716e-05,5.469321e-02,3.002864e+02
1.170000e-02,3.060000e+00,3.130098e-05,7.764086e-02,3.003475e+02
1.175000e-02,3.150000e+00,3.263604e-05,1.103133e-01,3.004453e+02
1.180000e-02,3.240000e+00,3.433716e-05,1.569980e-01,3.006183e+02
1.185000e-02,3.330000e+00,3.687971e-05,2.242071e-01,3.009656e+02
1.190000e-02,3.420000e+00,4.176722e-05,3.227409e-01,3.018043e+02
1.195000e-02,3.510000e+00,5.629632e-05,4.769000e-01,3.046857e+02
1.200000e-02,3.600000e+00,2.609113e-04,8.665954e-01,3.481234e+02
1.205000e-02,3.690000e+00,5.279850e-04,9.999999e-01,4.073155e+02
1.210000e-02,3.780000e+00,5.408651e-04,1.000001e+00,4.126069e+02
1.215000e-02,3.870000e+00,5.537414e-04,1.000000e+00,4.180730e+02
1.220000e-02,3.960000e+00,5.666178e-04,1.000000e+00,4.235940e+02
1.225000e-02,4.050000e+00,5.794954e-04,1.000000e+00,4.294407e+02
1.230000e-02,4.140000e+00,5.923730e-04,1.000000e+00,4.352875e+02
1.235000e-02,4.230000e+00,6.052506e-04,1.000000e+00,4.411342e+02
1.240000e-02,4.320000e+00,6.181282e-04,1.000000e+00,4.471335e+02
1.245000e-02,4.410000e+00,6.310058e-04,1.000000e+00,4.533426e+02
1.250000e-02,4.500000e+00,6.375898e-04,1.000000e+00,4.564843e+02
1.255000e-02,4.410000e+00,6.306885e-04,1.000000e+00,4.530532e+02
1.260000e-02,4.320000e+00,6.181367e-04,1.000000e+00,4.470874e+02
1.265000e-02,4.230000e+00,6.052492e-04,1.000000e+00,4.410374e+02
1.270000e-02,4.140000e+00,5.923700e-04,1.000000e+00,4.351344e+02
1.275000e-02,4.050000e+00,5.794934e-04,1.000000e+00,4.293657e+02
1.280000e-02,3.960000e+00,5.666168e-04,1.000000e+00,4.235971e+02
1.285000e-02,3.870000e+00,5.537392e-04,1.000000e+00,4.182909e+02
1.290000e-02,3.780000e+00,5.408615e-04,1.000000e+00,4.129910e+02
1.295000e-02,3.690000e+00,5.279838e-04,1.000000e+00,4.076911e+02
1.300000e-02,3.600000e+00,5.151062e-04,1.000000e+00,4.023912e+02
1.305000e-02,3.510000e+00,5.022285e-04,1.000000e+00,3.971211e+02
1.310000e-02,3.420000e+00,4.893508e-04,1.000000e+00,3.927702e+02
1.315000e-02,3.330000e+00,4.764732e-04,1.000000e+00,3.884193e+02
1.320000e-02,3.240000e+00,4.635955e-04,1.000000e+00,3.840684e+02
1.325000e-02,3.150000e+00,4.507178e-04,1.000000e+00,3.797176e+02
1.330000e-02,3.060000e+00,4.378401e-04,1.000000e+00,3.753667e+02
1.335000e-02,2.970000e+00,4.249625e-04,1.000000e+00,3.710158e+02
1.340000e-02,2.880000e+00,4.120848e-04,1.000000e+00,3.666649e+02
1.345000e-02,2.790000e+00,3.992071e-04,9.999999e-01,3.623140e+02
1.350000e-02,2.700000e+00,3.863294e-04,9.999999e-01,3.579632e+02
1.355000e-02,2.610000e+00,3.734518e-04,9.999999e-01,3.537654e+02
1.360000e-02,2.520000e+00,3.605740e-04,9.999999e-01,3.506799e+02
1.365000e-02,2.430000e+00,3.476963e-04,9.999998e-01,3.475944e+02
1.370000e-02,2.340000e+00,3.348186e-04,9.999998e-01,3.445088e+02
1.375000e-02,2.250000e+00,3.219409e-04,9.999997e-01,3.414233e+02
1.380000e-02,2.160000e+00,3.090631e-04,9.999997e-01,3.383378e+02
1.385000e-02,2.070000e+00,2.961854e-04,9.999996e-01,3.352523e+02
1.390000e-02,1.980000e+00,2.833077e-04,9.999996e-01,3.321668e+02
1.395000e-02,1.890000e+00,2.704300e-04,9.999995e-01,3.290813e+02
1.400000e-02,1.800000e+00,2.575522e-04,9.999995e-01,3.259957e+02
1.405000e-02,1.710000e+00,2.446745e-04,9.999994e-01,3.231767e+02
1.410000e-02,1.620000e+00,2.317969e-04,9.999994e-01,3.213566e+02
1.415000e-02,1.530000e+00,2.189192e-04,9.999993e-01,3.195365e+02
1.420000e-02,1.440000e+00,2.060416e-04,9.999993e-01,3.177163e+02
1.425000e-02,1.350000e+00,1.931639e-04,9.999993e-01,3.158962e+02
1.430000e-02,1.260000e+00,1.802862e-04,9.999992e-01,3.140760e+02
1.435000e-02,1.170000e+00,1.674086e-04,9.999992e-01,3.122559e+02
1.440000e-02,1.080000e+00,1.545309e-04,9.999991e-01,3.104358e+02
1.445000e-02,9.900000e-01,1.416533e-04,9.999991e-01,3.086156e+02
1.450000e-02,9.000000e-01,1.287756e-04,9.999990e-01,3.067955e+02
1.455000e-02,8.100000e-01,1.158986e-04,9.999981e-01,3.051710e+02
1.460000e-02,7.200000e-01,1.030234e-04,9.999947e-01,3.040856e+02
1.465000e-02,6.300000e-01,9.014871e-05,9.999907e-01,3.031278e+02
1.470000e-02,5.400000e-01,7.727439e-05,9.999862e-01,3.022977e+02
1.475000e-02,4.500000e-01,6.440052e-05,9.999811e-01,3.015953e+02
1.480000e-02,3.600000e-01,5.152707e-05,9.999754e-01,3.010205e+02
1.485000e-02,2.700000e-01,3.865405e-05,9.999691e-01,3.005733e+02
1.490000e-02,1.800000e-01,2.578147e-05,9.999623e-01,3.002539e+02
1.495000e-02,9.000000e-02,1.290931e-05,9.999548e-01,3.000620e+02
1.500000e-02,-4.036381e-15,3.759263e-08,9.999468e-01,3.000000e+02
1.505000e-02,-9.000000e-02,-1.283370e-05,9.999382e-01,3.000613e+02
1.510000e-02,-1.800000e-01,-2.570456e-05,9.999291e-01,3.002525e+02
1.515000e-02,-2.700000e-01,-3.857498e-05,9.999193e-01,3.005713e+02
1.520000e-02,-3.600000e-01,-5.144498e-05,9.999090e-01,3.010178e+02
1.525000e-02,-4.500000e-01,-6.431454e-05,9.998981e-01,3.015919e+02
1.530000e-02,-5.400000e-01,-7.718368e-05,9.998867e-01,3.022936e+02
1.535000e-02,-6.300000e-01,-9.005238e-05,9.998746e-01,3.031231e+02
1.540000e-02,-7.200000e-01,-1.029206e-04,9.998620e-01,3.040802e+02
1.545000e-02,-8.100000e-01,-1.157885e-04,9.998488e-01,3.051649e+02
1.550000e-02,-9.000000e-01,-1.286559e-04,9.998350e-01,3.063773e+02
1.555000e-02,-9.900000e-01,-1.410117e-04,9.994586e-01,3.076614e+02
1.560000e-02,-1.080000e+00,-1.527344e-04,9.986338e-01,3.090040e+02
1.565000e-02,-1.170000e+00,-1.643516e-04,9.977340e-01,3.104627e+02
1.570000e-02,-1.260000e+00,-1.758634e-04,9.967592e-01,3.120376e+02
1.575000e-02,-1.350000e+00,-1.872697e-04,9.957095e-01,3.137287e+02
1.580000e-02,-1.440000e+00,-1.985705e-04,9.945848e-01,3.155359e+02
1.585000e-02,-1.530000e+00,-2.097659e-04,9.933852e-01,3.174592e+02
1.590000e-02,-1.620000e+00,-2.208558e-04,9.921106e-01,3.194988e+02
1.595000e-02,-1.710000e+00,-2.318402e-04,9.907611e-01,3.216545e+02
1.600000e-02,-1.800000e+00,-2.427192e-04,9.893366e-01,3.239264e+02
1.605000e-02,-1.890000e+00,-2.514579e-04,9.867063e-01,3.260129e+02
1.610000e-02,-1.980000e+00,-2.580151e-04,9.828471e-01,3.279079e+02
1.615000e-02,-2.070000e+00,-2.635406e-04,9.783827e-01,3.297801e+02
1.620000e-02,-2.160000e+00,-2.647235e-04,9.712633e-01,3.311137e+02
1.625000e-02,-2.250000e+00,-2.605765e-04,9.604963e-01,3.317057e+02
1.630000e-02,-2.340000e+00,-2.505779e-04,9.456782e-01,3.314643e+02
1.635000e-02,-2.430000e+00,-2.357542e-04,9.268603e-01,3.304542e+02
1.640000e-02,-2.520000e+00,-2.176745e-04,9.038075e-01,3.287256e+02
1.645000e-02,-2.610000e+00,-1.954688e-04,8.766502e-01,3.262508e+02
1.650000e-02,-2.700000e+00,-1.746590e-04,8.442597e-01,3.236988e+02
1.655000e-02,-2.790000e+00,-1.538127e-04,8.069289e-01,3.208960e+02
1.660000e-02,-2.880000e+00,-1.324860e-04,7.647483e-01,3.177888e+02
1.665000e-02,-2.970000e+00,-1.106792e-04,7.177181e-01,3.143771e+02
1.670000e-02,-3.060000e+00,-8.839207e-05,6.658381e-01,3.106609e+02
1.675000e-02,-3.150000e+00,-7.323525e-05,6.028082e-01,3.080443e+02
1.680000e-02,-3.240000e+00,-6.072383e-05,5.323410e-01,3.057000e+02
1.685000e-02,-3.330000e+00,-5.084082e-05,4.512030e-01,3.037273e+02
1.690000e-02,-3.420000e+00,-4.389318e-05,3.564439e-01,3.022678e+02
1.695000e-02,-3.510000e+00,-3.981353e-05,2.508625e-01,3.012643e+02
1.700000e-02,-3.600000e+00,-3.792617e-05,1.459605e-01,3.007151e+02
1.705000e-02,-3.690000e+00,-3.754756e-05,6.224087e-02,3.004621e+02
1.710000e-02,-3.780000e+00,-3.795812e-05,1.679534e-02,3.003722e+02
1.715000e-02,-3.870000e+00,-3.872351e-05,2.252512e-03,3.003585e+02
1.720000e-02,-3.960000e+00,-3.960418e-05,1.058582e-04,3.003707e+02
1.725000e-02,-4.050000e+00,-4.050327e-05,1.401286e-06,3.003875e+02
1.730000e-02,-4.140000e+00,-4.140334e-05,3.042713e-09,3.004049e+02
1.735000e-02,-4.230000e+00,-4.230341e-05,5.084776e-13,3.004227e+02
1.740000e-02,-4.320000e+00,-4.320346e-05,5.528809e-17,3.004409e+02
1.745000e-02,-4.410000e+00,-4.410353e-05,5.528791e-17,3.004595e+02
1.750000e-02,-4.500000e+00,-4.454888e-05,5.528775e-17,3.004688e+02
1.755000e-02,-4.410000e+00,-4.410306e-05,5.528760e-17,3.004595e+02
1.760000e-02,-4.320000e+00,-4.320279e-05,5.528746e-17,3.004409e+02
1.765000e-02,-4.230000e+00,-4.230269e-05,5.528733e-17,3.004228e+02
1.770000e-02,-4.140000e+00,-4.140264e-05,5.528721e-17,3.004050e+02
1.775000e-02,-4.050000e+00,-4.050257e-05,5.528709e-17,3.003876e+02
1.780000e-02,-3.960000e+00,-3.960251e-05,5.528698e-17,3.003709e+02
1.785000e-02,-3.870000e+00,-3.870245e-05,5.528687e-17,3.003542e+02
1.790000e-02,-3.780000e+00,-3.780239e-05,5.528676e-17,3.003375e+02
1.795000e-02,-3.690000e+00,-3.690234e-05,5.528667e-17,3.003217e+02
1.800000e-02,-3.600000e+00,-3.600227e-05,5.528662e-17,3.003072e+02
1.805000e-02,-3.510000e+00,-3.510221e-05,5.528657e-17,3.002927e+02
1.810000e-02,-3.420000e+00,-3.420214e-05,5.528652e-17,3.002783e+02
1.815000e-02,-3.330000e+00,-3.330208e-05,5.528647e-17,3.002638e+02
1.820000e-02,-3.240000e+00,-3.240203e-05,5.528641e-17,3.002493e+02
1.825000e-02,-3.150000e+00,-3.150195e-05,5.528636e-17,3.002348e+02
1.830000e-02,-3.060000e+00,-3.060189e-05,5.528631e-17,3.002204e+02
1.835000e-02,-2.970000e+00,-2.970182e-05,5.528627e-17,3.002071e+02
1.840000e-02,-2.880000e+00,-2.880176e-05,5.528626e-17,3.001971e+02
1.845000e-02,-2.790000e+00,-2.790169e-05,5.528625e-17,3.001871e+02
1.850000e-02,-2.700000e+00,-2.700163e-05,5.528625e-17,3.001771e+02
1.855000e-02,-2.610000e+00,-2.610155e-05,5.528624e-17,3.001671e+02
1.860000e-02,-2.520000e+00,-2.520150e-05,5.528623e-17,3.001571e+02
1.865000e-02,-2.430000e+00,-2.430144e-05,5.528622e-17,3.001471e+02
1.870000e-02,-2.340000e+00,-2.340136e-05,5.528622e-17,3.001371e+02
1.875000e-02,-2.250000e+00,-2.250130e-05,5.528621e-17,3.001271e+02
1.880000e-02,-2.160000e+00,-2.160123e-05,5.528620e-17,3.001171e+02
1.885000e-02,-2.070000e+00,-2.070117e-05,5.528619e-17,3.001071e+02
1.890000e-02,-1.980000e+00,-1.980111e-05,5.528618e-17,3.000970e+02
1.895000e-02,-1.890000e+00,-1.890104e-05,5.528618e-17,3.000870e+02
1.900000e-02,-1.800000e+00,-1.800097e-05,5.528617e-17,3.000770e+02
1.905000e-02,-1.710000e+00,-1.710091e-05,5.528616e-17,3.000670e+02
1.910000e-02,-1.620000e+00,-1.620084e-05,5.528615e-17,3.000570e+02
1.915000e-02,-1.530000e+00,-1.530078e-05,5.528614e-17,3.000474e+02
1.920000e-02,-1.440000e+00,-1.440070e-05,5.528614e-17,3.000428e+02
1.925000e-02,-1.350000e+00,-1.350065e-05,5.528614e-17,3.000382e+02
1.930000e-02,-1.260000e+00,-1.260058e-05,5.528614e-17,3.000336e+02
1.935000e-02,-1.170000e+00,-1.170052e-05,5.528613e-17,3.000290e+02
1.940000e-02,-1.080000e+00,-1.080044e-05,5.528613e-17,3.000244e+02
1.945000e-02,-9.900000e-01,-9.900384e-06,5.528613e-17,3.000198e+02
1.950000e-02,-9.000000e-01,-9.000317e-06,5.528612e-17,3.000153e+02
1.955000e-02,-8.100000e-01,-8.100251e-06,5.528612e-17,3.000107e+02
1.960000e-02,-7.200000e-01,-7.200186e-06,5.528612e-17,3.000088e+02
1.965000e-02,-6.300000e-01,-6.300120e-06,5.528611e-17,3.000070e+02
1.970000e-02,-5.400000e-01,-5.400057e-06,5.528611e-17,3.000053e+02
1.975000e-02,-4.500000e-01,-4.499991e-06,5.528611e-17,3.000035e+02
1.980000e-02,-3.600000e-01,-3.599928e-06,5.528610e-17,3.000025e+02
1.985000e-02,-2.700000e-01,-2.699861e-06,5.528610e-17,3.000015e+02
1.990000e-02,-1.800000e-01,-1.799798e-06,5.528610e-17,3.000007e+02
1.995000e-02,-9.000000e-02,-8.997316e-07,5.528610e-17,3.000002e+02
2.000000e-02,-1.403342e-15,3.337942e-10,5.545147e-17,3.000000e+02
2.005000e-02,9.000000e-02,9.003988e-07,6.697400e-08,3.000002e+02
2.010000e-02,1.800000e-01,1.800464e-06,2.762871e-07,3.000008e+02
2.015000e-02,2.700000e-01,2.700530e-06,6.554680e-07,3.000017e+02
2.020000e-02,3.600000e-01,3.600597e-06,1.252259e-06,3.000031e+02
2.025000e-02,4.500000e-01,4.500661e-06,2.137704e-06,3.000048e+02
2.030000e-02,5.400000e-01,5.400728e-06,3.419872e-06,3.000069e+02
2.035000e-02,6.300000e-01,6.300796e-06,5.257927e-06,3.000094e+02
2.040000e-02,7.200000e-01,7.200870e-06,7.878463e-06,3.000122e+02
2.045000e-02,8.100000e-01,8.100942e-06,1.159854e-05,3.000155e+02
2.050000e-02,9.000000e-01,9.001015e-06,1.687269e-05,3.000191e+02
2.055000e-02,9.900000e-01,9.901105e-06,2.435987e-05,3.000232e+02
2.060000e-02,1.080000e+00,1.080120e-05,3.497516e-05,3.000276e+02
2.065000e-02,1.170000e+00,1.170131e-05,5.000772e-05,3.000324e+02
2.070000e-02,1.260000e+00,1.260146e-05,7.129609e-05,3.000375e+02
2.075000e-02,1.350000e+00,1.350162e-05,1.015156e-04,3.000431e+02
2.080000e-02,1.440000e+00,1.440186e-05,1.443303e-04,3.000490e+02
2.085000e-02,1.530000e+00,1.530217e-05,2.049580e-04,3.000554e+02
2.090000e-02,1.620000e+00,1.620259e-05,2.908203e-04,3.000621e+02
2.095000e-02,1.710000e+00,1.710322e-05,4.127634e-04,3.000692e+02
2.100000e-02,1.800000e+00,1.800409e-05,5.854633e-04,3.000768e+02
2.105000e-02,1.890000e+00,1.890536e-05,8.300354e-04,3.000848e+02
2.110000e-02,1.980000e+00,1.980721e-05,1.176626e-03,3.000933e+02
2.115000e-02,2.070000e+00,2.070990e-05,1.668653e-03,3.001022e+02
2.120000e-02,2.160000e+00,2.161386e-05,2.365502e-03,3.001118e+02
2.125000e-02,2.250000e+00,2.251967e-05,3.352470e-03,3.001220e+02
2.130000e-02,2.340000e+00,2.342825e-05,4.752115e-03,3.001330e+02
2.135000e-02,2.430000e+00,2.434091e-05,6.738226e-03,3.001451e+02
2.140000e-02,2.520000e+00,2.525971e-05,9.551643e-03,3.001586e+02
2.145000e-02,2.610000e+00,2.618769e-05,1.353753e-02,3.001741e+02
2.150000e-02,2.700000e+00,2.712976e-05,1.919532e-02,3.001926e+02
2.155000e-02,2.790000e+00,2.809372e-05,2.722412e-02,3.002154e+02
2.160000e-02,2.880000e+00,2.909228e-05,3.860741e-02,3.002453e+02
2.165000e-02,2.970000e+00,3.014763e-05,5.475765e-02,3.002865e+02
2.170000e-02,3.060000e+00,3.130205e-05,7.774758e-02,3.003477e+02
2.175000e-02,3.150000e+00,3.263880e-05,1.104864e-01,3.004458e+02
2.180000e-02,3.240000e+00,3.434226e-05,1.572402e-01,3.006192e+02
2.185000e-02,3.330000e+00,3.688232e-05,2.245116e-01,3.009660e+02
2.190000e-02,3.420000e+00,4.185267e-05,3.235204e-01,3.018221e+02
2.195000e-02,3.510000e+00,5.721331e-05,4.795412e-01,3.048803e+02
2.200000e-02,3.600000e+00,2.371486e-04,8.473963e-01,3.430748e+02
2.205000e-02,3.690000e+00,5.279805e-04,9.999988e-01,4.073147e+02
2.210000e-02,3.780000e+00,5.408608e-04,9.999995e-01,4.126134e+02
2.215000e-02,3.870000e+00,5.537396e-04,9.999999e-01,4.180635e+02
2.220000e-02,3.960000e+00,5.666179e-04,1.000000e+00,4.236375e+02
2.225000e-02,4.050000e+00,5.794955e-04,1.000000e+00,4.294389e+02
2.230000e-02,4.140000e+00,5.923730e-04,1.000000e+00,4.352402e+02
2.235000e-02,4.230000e+00,6.052505e-04,1.000000e+00,4.410416e+02
2.240000e-02,4.320000e+00,6.181281e-04,1.000000e+00,4.471619e+02
2.245000e-02,4.410000e+00,6.310058e-04,1.000000e+00,4.533131e+02
2.250000e-02,4.500000e+00,6.344150e-04,1.000000e+00,4.549227e+02
2.255000e-02,4.410000e+00,6.310204e-04,1.000000e+00,4.532705e+02
2.260000e-02,4.320000e+00,6.181425e-04,1.000000e+00,4.470744e+02
2.265000e-02,4.230000e+00,6.052567e-04,1.000000e+00,4.410221e+02
2.270000e-02,4.140000e+00,5.923734e-04,1.000000e+00,4.351294e+02
2.275000e-02,4.050000e+00,5.794951e-04,1.000000e+00,4.293756e+02
2.280000e-02,3.960000e+00,5.666169e-04,1.000000e+00,4.236218e+02
2.285000e-02,3.870000e+00,5.537392e-04,1.000000e+00,4.182749e+02
2.290000e-02,3.780000e+00,5.408615e-04,1.000000e+00,4.130184e+02
2.295000e-02,3.690000e+00,5.279838e-04,1.000000e+00,4.077619e+02
2.300000e-02,3.600000e+00,5.151062e-04,1.000000e+00,4.025054e+02
2.305000e-02,3.510000e+00,5.022285e-04,1.000000e+00,3.972488e+02
2.310000e-02,3.420000e+00,4.893508e-04,1.000000e+00,3.925202e+02
2.315000e-02,3.330000e+00,4.764732e-04,1.000000e+00,3.882784e+02
2.320000e-02,3.240000e+00,4.635955e-04,1.000000e+00,3.840365e+02
2.325000e-02,3.150000e+00,4.507178e-04,1.000000e+00,3.797947e+02
2.330000e-02,3.060000e+00,4.378401e-04,1.000000e+00,3.755528e+02
2.335000e-02,2.970000e+00,4.249624e-04,9.999999e-01,3.713110e+02
2.340000e-02,2.880000e+00,4.120847e-04,9.999999e-01,3.670691e+02
2.345000e-02,2.790000e+00,3.992071e-04,9.999999e-01,3.628273e+02
2.350000e-02,2.700000e+00,3.863294e-04,9.999999e-01,3.585854e+02
2.355000e-02,2.610000e+00,3.734517e-04,9.999999e-01,3.543435e+02
2.360000e-02,2.520000e+00,3.605740e-04,9.999999e-01,3.501017e+02
2.365000e-02,2.430000e+00,3.476963e-04,9.999999e-01,3.471103e+02
2.370000e-02,2.340000e+00,3.348186e-04,9.999998e-01,3.442214e+02
2.375000e-02,2.250000e+00,3.219409e-04,9.999998e-01,3.413324e+02
2.380000e-02,2.160000e+00,3.090632e-04,9.999997e-01,3.384435e+02
2.385000e-02,2.070000e+00,2.961855e-04,9.999997e-01,3.355545e+02
2.390000e-02,1.980000e+00,2.833077e-04,9.999996e-01,3.326656e+02
2.395000e-02,1.890000e+00,2.704300e-04,9.999996e-01,3.297766e+02
2.400000e-02,1.800000e+00,2.575523e-04,9.999995e-01,3.268877e+02
2.405000e-02,1.710000e+00,2.446746e-04,9.999995e-01,3.239987e+02
2.410000e-02,1.620000e+00,2.317969e-04,9.999994e-01,3.211098e+02
2.415000e-02,1.530000e+00,2.189192e-04,9.999994e-01,3.186650e+02
2.420000e-02,1.440000e+00,2.060415e-04,9.999993e-01,3.171290e+02
2.425000e-02,1.350000e+00,1.931639e-04,9.999993e-01,3.155930e+02
2.430000e-02,1.260000e+00,1.802863e-04,9.999992e-01,3.140569e+02
2.435000e-02,1.170000e+00,1.674086e-04,9.999992e-01,3.125209e+02
2.440000e-02,1.080000e+00,1.545310e-04,9.999991e-01,3.109848e+02
2.445000e-02,9.900000e-01,1.416533e-04,9.999991e-01,3.094488e+02
2.450000e-02,9.000000e-01,1.287757e-04,9.999990e-01,3.079127e+02
2.455000e-02,8.100000e-01,1.158980e-04,9.999990e-01,3.063767e+02
2.460000e-02,7.200000e-01,1.030204e-04,9.999989e-01,3.048407e+02
2.465000e-02,6.300000e-01,9.014276e-05,9.999989e-01,3.033046e+02
2.470000e-02,5.400000e-01,7.728152e-05,9.999825e-01,3.022970e+02
2.475000e-02,4.500000e-01,6.442971e-05,9.999569e-01,3.015928e+02
2.480000e-02,3.600000e-01,5.158185e-05,9.999273e-01,3.010159e+02
2.485000e-02,2.700000e-01,3.873795e-05,9.998937e-01,3.005664e+02
2.490000e-02,1.800000e-01,2.589800e-05,9.998563e-01,3.002443e+02
2.495000e-02,9.000000e-02,1.306200e-05,9.998149e-01,3.000496e+02
2.500000e-02,-3.334710e-15,2.299650e-07,9.997696e-01,3.000000e+02
2.505000e-02,-9.000000e-02,-1.259812e-05,9.997204e-01,3.000423e+02
2.510000e-02,-1.800000e-01,-2.542225e-05,9.996672e-01,3.002297e+02
2.515000e-02,-2.700000e-01,-3.824242e-05,9.996102e-01,3.005445e+02
2.520000e-02,-3.600000e-01,-5.105863e-05,9.995492e-01,3.009867e+02
2.525000e-02,-4.500000e-01,-6.387090e-05,9.994843e-01,3.015562e+02
2.530000e-02,-5.400000e-01,-7.667920e-05,9.994154e-01,3.022531e+02
2.535000e-02,-6.300000e-01,-8.948356e-05,9.993427e-01,3.030774e+02
2.540000e-02,-7.200000e-01,-1.022840e-04,9.992660e-01,3.040291e+02
2.545000e-02,-8.100000e-01,-1.150804e-04,9.991854e-01,3.051082e+02
2.550000e-02,-9.000000e-01,-1.278729e-04,9.991008e-01,3.063146e+02
2.555000e-02,-9.900000e-01,-1.406614e-04,9.990124e-01,3.076484e+02
2.560000e-02,-1.080000e+00,-1.534460e-04,9.989200e-01,3.091096e+02
2.565000e-02,-1.170000e+00,-1.662266e-04,9.988237e-01,3.106981e+02
2.570000e-02,-1.260000e+00,-1.790033e-04,9.987234e-01,3.124141e+02
2.575000e-02,-1.350000e+00,-1.916315e-04,9.985432e-01,3.142400e+02
2.580000e-02,-1.440000e+00,-2.041140e-04,9.982843e-01,3.161762e+02
2.585000e-02,-1.530000e+00,-2.165680e-04,9.980086e-01,3.182369e+02
2.590000e-02,-1.620000e+00,-2.274255e-04,9.966974e-01,3.202283e+02
2.595000e-02,-1.710000e+00,-2.371240e-04,9.946348e-01,3.222046e+02
2.600000e-02,-1.800000e+00,-2.458005e-04,9.919100e-01,3.241826e+02
2.605000e-02,-1.890000e+00,-2.534549e-04,9.885228e-01,3.261622e+02
2.610000e-02,-1.980000e+00,-2.600873e-04,9.844733e-01,3.281436e+02
2.615000e-02,-2.070000e+00,-2.644316e-04,9.791002e-01,3.298792e+02
2.620000e-02,-2.160000e+00,-2.655263e-04,9.717690e-01,3.312057e+02
2.625000e-02,-2.250000e+00,-2.604265e-04,9.603238e-01,3.316634e+02
2.630000e-02,-2.340000e+00,-2.499252e-04,9.453124e-01,3.313821e+02
2.635000e-02,-2.430000e+00,-2.353142e-04,9.263343e-01,3.303697e+02
2.640000e-02,-2.520000e+00,-2.171260e-04,9.032245e-01,3.286295e+02
2.645000e-02,-2.610000e+00,-1.948110e-04,8.761533e-01,3.261582e+02
2.650000e-02,-2.700000e+00,-1.746924e-04,8.434430e-01,3.236987e+02
2.655000e-02,-2.790000e+00,-1.541814e-04,8.057805e-01,3.209468e+02
2.660000e-02,-2.880000e+00,-1.331413e-04,7.632020e-01,3.178866e+02
2.665000e-02,-2.970000e+00,-1.115722e-04,7.157077e-01,3.145180e+02
2.670000e-02,-3.060000e+00,-8.947400e-05,6.632973e-01,3.108409e+02
2.675000e-02,-3.150000e+00,-7.264166e-05,6.010545e-01,3.079288e+02
2.680000e-02,-3.240000e+00,-6.050782e-05,5.294604e-01,3.056764e+02
2.685000e-02,-3.330000e+00,-5.081780e-05,4.494081e-01,3.037084e+02
2.690000e-02,-3.420000e+00,-4.395782e-05,3.561420e-01,3.022787e+02
2.695000e-02,-3.510000e+00,-3.974177e-05,2.519540e-01,3.012650e+02
2.700000e-02,-3.600000e+00,-3.793088e-05,1.456618e-01,3.007159e+02
2.705000e-02,-3.690000e+00,-3.754286e-05,6.192347e-02,3.004611e+02
2.710000e-02,-3.780000e+00,-3.795746e-05,1.673017e-02,3.003720e+02
2.715000e-02,-3.870000e+00,-3.872398e-05,2.301729e-03,3.003586e+02
2.720000e-02,-3.960000e+00,-3.960420e-05,1.090450e-04,3.003707e+02
2.725000e-02,-4.050000e+00,-4.050325e-05,1.446238e-06,3.003875e+02
2.730000e-02,-4.140000e+00,-4.140332e-05,3.126030e-09,3.004049e+02
2.735000e-02,-4.230000e+00,-4.230339e-05,5.268821e-13,3.004227e+02
2.740000e-02,-4.320000e+00,-4.320344e-05,5.503520e-17,3.004409e+02
2.745000e-02,-4.410000e+00,-4.410354e-05,5.503501e-17,3.004595e+02
2.750000e-02,-4.500000e+00,-4.455148e-05,5.503483e-17,3.004688e+02
2.755000e-02,-4.410000e+00,-4.410302e-05,5.503467e-17,3.004595e+02
2.760000e-02,-4.320000e+00,-4.320277e-05,5.503452e-17,3.004409e+02
2.765000e-02,-4.230000e+00,-4.230270e-05,5.503437e-17,3.004228e+02
2.770000e-02,-4.140000e+00,-4.140266e-05,5.503424e-17,3.004050e+02
2.775000e-02,-4.050000e+00,-4.050258e-05,5.503411e-17,3.003876e+02
2.780000e-02,-3.960000e+00,-3.960254e-05,5.503399e-17,3.003709e+02
2.785000e-02,-3.870000e+00,-3.870248e-05,5.503387e-17,3.003542e+02
2.790000e-02,-3.780000e+00,-3.780241e-05,5.503375e-17,3.003375e+02
2.795000e-02,-3.690000e+00,-3.690234e-05,5.503366e-17,3.003217e+02
2.800000e-02,-3.600000e+00,-3.600228e-05,5.503360e-17,3.003072e+02
2.805000e-02,-3.510000e+00,-3.510222e-05,5.503355e-17,3.002927e+02
2.810000e-02,-3.420000e+00,-3.420215e-05,5.503349e-17,3.002782e+02
2.815000e-02,-3.330000e+00,-3.330209e-05,5.503343e-17,3.002638e+02
2.820000e-02,-3.240000e+00,-3.240203e-05,5.503338e-17,3.002493e+02
2.825000e-02,-3.150000e+00,-3.150195e-05,5.503332e-17,3.002348e+02
2.830000e-02,-3.060000e+00,-3.060189e-05,5.503327e-17,3.002203e+02
2.835000e-02,-2.970000e+00,-2.970183e-05,5.503322e-17,3.002072e+02
2.840000e-02,-2.880000e+00,-2.880175e-05,5.503322e-17,3.001972e+02
2.845000e-02,-2.790000e+00,-2.790169e-05,5.503321e-17,3.001872e+02
2.850000e-02,-2.700000e+00,-2.700162e-05,5.503320e-17,3.001771e+02
2.855000e-02,-2.610000e+00,-2.610156e-05,5.503319e-17,3.001671e+02
2.860000e-02,-2.520000e+00,-2.520149e-05,5.503318e-17,3.001571e+02
2.865000e-02,-2.430000e+00,-2.430143e-05,5.503317e-17,3.001470e+02
2.870000e-02,-2.340000e+00,-2.340137e-05,5.503317e-17,3.001370e+02
2.875000e-02,-2.250000e+00,-2.250130e-05,5.503316e-17,3.001270e+02
2.880000e-02,-2.160000e+00,-2.160123e-05,5.503315e-17,3.001170e+02
2.885000e-02,-2.070000e+00,-2.070116e-05,5.503314e-17,3.001069e+02
2.890000e-02,-1.980000e+00,-1.980110e-05,5.503313e-17,3.000969e+02
2.895000e-02,-1.890000e+00,-1.890104e-05,5.503312e-17,3.000869e+02
2.900000e-02,-1.800000e+00,-1.800097e-05,5.503312e-17,3.000768e+02
2.905000e-02,-1.710000e+00,-1.710091e-05,5.503311e-17,3.000668e+02
2.910000e-02,-1.620000e+00,-1.620084e-05,5.503310e-17,3.000568e+02
2.915000e-02,-1.530000e+00,-1.530078e-05,5.503309e-17,3.000476e+02
2.920000e-02,-1.440000e+00,-1.440071e-05,5.503309e-17,3.000430e+02
2.925000e-02,-1.350000e+00,-1.350065e-05,5.503309e-17,3.000384e+02
2.930000e-02,-1.260000e+00,-1.260058e-05,5.503308e-17,3.000337e+02
2.935000e-02,-1.170000e+00,-1.170051e-05,5.503308e-17,3.000291e+02
2.940000e-02,-1.080000e+00,-1.080045e-05,5.503308e-17,3.000245e+02
2.945000e-02,-9.900000e-01,-9.900382e-06,5.503307e-17,3.000198e+02
2.950000e-02,-9.000000e-01,-9.000319e-06,5.503307e-17,3.000152e+02
2.955000e-02,-8.100000e-01,-8.100253e-06,5.503307e-17,3.000108e+02
2.960000e-02,-7.200000e-01,-7.200189e-06,5.503306e-17,3.000096e+02
2.965000e-02,-6.300000e-01,-6.300123e-06,5.503306e-17,3.000083e+02
2.970000e-02,-5.400000e-01,-5.400057e-06,5.503306e-17,3.000068e+02
2.975000e-02,-4.500000e-01,-4.499992e-06,5.503305e-17,3.000053e+02
2.980000e-02,-3.600000e-01,-3.599928e-06,5.503305e-17,3.000037e+02
2.985000e-02,-2.700000e-01,-2.699861e-06,5.503305e-17,3.000022e+02
2.990000e-02,-1.800000e-01,-1.799795e-06,5.503305e-17,3.000009e+02
2.995000e-02,-9.000000e-02,-8.997302e-07,5.503304e-17,3.000004e+02
3.000000e-02,8.072762e-15,3.345249e-10,5.503304e-17,3.000000e+02
